-- phpMyAdmin SQL Dump
-- version 3.4.11.1deb1
-- http://www.phpmyadmin.net
--
-- Host: localhost
-- Generation Time: Apr 10, 2013 at 01:08 AM
-- Server version: 5.5.29
-- PHP Version: 5.4.6-1ubuntu1.1

SET SQL_MODE="NO_AUTO_VALUE_ON_ZERO";
SET time_zone = "+00:00";


/*!40101 SET @OLD_CHARACTER_SET_CLIENT=@@CHARACTER_SET_CLIENT */;
/*!40101 SET @OLD_CHARACTER_SET_RESULTS=@@CHARACTER_SET_RESULTS */;
/*!40101 SET @OLD_COLLATION_CONNECTION=@@COLLATION_CONNECTION */;
/*!40101 SET NAMES utf8 */;

--
-- Database: `crm`
--

-- --------------------------------------------------------

--
-- Table structure for table `articles`
--

CREATE TABLE IF NOT EXISTS `articles` (
  `id` int(11) NOT NULL AUTO_INCREMENT,
  `name` varchar(200) NOT NULL,
  `title` text NOT NULL,
  `description` text NOT NULL,
  `keywords` text NOT NULL,
  `content` text NOT NULL,
  `type` varchar(50) NOT NULL,
  `category` varchar(40) NOT NULL,
  `visible` varchar(3) NOT NULL,
  `slug` text NOT NULL,
  `article_date` date NOT NULL,
  `sidebar` text NOT NULL,
  `page_order` int(11) NOT NULL,
  `parent` int(11) NOT NULL,
  PRIMARY KEY (`id`)
) ENGINE=MyISAM  DEFAULT CHARSET=latin1 AUTO_INCREMENT=2 ;

--
-- Dumping data for table `articles`
--

INSERT INTO `articles` (`id`, `name`, `title`, `description`, `keywords`, `content`, `type`, `category`, `visible`, `slug`, `article_date`, `sidebar`, `page_order`, `parent`) VALUES
(1, 'deneme', 'deneme', 'deneme', 'deneme', 'deneme', '', 'deneme', '1', 'deneme', '0000-00-00', '', 0, 0);

-- --------------------------------------------------------

--
-- Table structure for table `cars`
--

CREATE TABLE IF NOT EXISTS `cars` (
  `id` int(11) NOT NULL AUTO_INCREMENT,
  `personal_id` int(11) DEFAULT '0',
  `license_plate` varchar(255) COLLATE utf8_turkish_ci DEFAULT '' COMMENT 'plaka',
  `delivery_date` date DEFAULT '0000-00-00' COMMENT 'teslim tarihi',
  `delivery_km` varchar(255) COLLATE utf8_turkish_ci DEFAULT '' COMMENT 'teslim kilometresi',
  `back_to_date` date DEFAULT '0000-00-00' COMMENT 'geri alış tarih',
  `back_to_km` varchar(255) COLLATE utf8_turkish_ci DEFAULT '' COMMENT 'geri alış kilometresi',
  `total_accident` int(11) DEFAULT '0' COMMENT 'toplam kaza',
  `total_equivalent` varchar(255) COLLATE utf8_turkish_ci DEFAULT '' COMMENT 'toplam kaza harcamları',
  `first_accident_date` date DEFAULT '0000-00-00' COMMENT 'ilk kaza tarihi',
  `last_accident_date` date DEFAULT '0000-00-00',
  `notes` text COLLATE utf8_turkish_ci,
  PRIMARY KEY (`id`)
) ENGINE=MyISAM  DEFAULT CHARSET=utf8 COLLATE=utf8_turkish_ci COMMENT='şirket arabalar' AUTO_INCREMENT=13 ;

--
-- Dumping data for table `cars`
--

INSERT INTO `cars` (`id`, `personal_id`, `license_plate`, `delivery_date`, `delivery_km`, `back_to_date`, `back_to_km`, `total_accident`, `total_equivalent`, `first_accident_date`, `last_accident_date`, `notes`) VALUES
(2, NULL, '34 lk 352', '2012-11-23', '35985', '2012-11-01', '399', 3, '523', '2012-11-29', '2012-11-24', '');

-- --------------------------------------------------------

--
-- Table structure for table `cars_accidents_info`
--

CREATE TABLE IF NOT EXISTS `cars_accidents_info` (
  `id` int(11) NOT NULL AUTO_INCREMENT,
  `accident_date` date DEFAULT '0000-00-00' COMMENT 'kaza tarihi',
  `repairs_price` varchar(255) COLLATE utf8_turkish_ci DEFAULT '' COMMENT 'tamirat bedeli',
  `comment` text COLLATE utf8_turkish_ci COMMENT 'açıklama',
  PRIMARY KEY (`id`)
) ENGINE=MyISAM  DEFAULT CHARSET=utf8 COLLATE=utf8_turkish_ci COMMENT='kaza bilgileri' AUTO_INCREMENT=5 ;

--
-- Dumping data for table `cars_accidents_info`
--

INSERT INTO `cars_accidents_info` (`id`, `accident_date`, `repairs_price`, `comment`) VALUES
(3, '2021-11-20', '23434', '34');

-- --------------------------------------------------------

--
-- Table structure for table `city`
--

CREATE TABLE IF NOT EXISTS `city` (
  `id` bigint(20) NOT NULL,
  `license_tag` varchar(50) COLLATE utf8_turkish_ci DEFAULT NULL,
  `city_upper` varchar(50) COLLATE utf8_turkish_ci DEFAULT NULL,
  `city` varchar(50) COLLATE utf8_turkish_ci DEFAULT NULL,
  `city_lower` varchar(50) COLLATE utf8_turkish_ci DEFAULT NULL,
  PRIMARY KEY (`id`)
) ENGINE=MyISAM DEFAULT CHARSET=utf8 COLLATE=utf8_turkish_ci;

--
-- Dumping data for table `city`
--

INSERT INTO `city` (`id`, `license_tag`, `city_upper`, `city`, `city_lower`) VALUES
(1, '01', 'ADANA', 'Adana', 'adana'),
(2, '02', 'ADIYAMAN', 'Adıyaman', 'adıyaman'),
(3, '03', 'AFYONKARAHİSAR', 'Afyonkarahisar', 'afyonkarahisar'),
(4, '04', 'AĞRI', 'Ağrı', 'ağrı'),
(5, '05', 'AMASYA', 'Amasya', 'amasya'),
(6, '06', 'ANKARA', 'Ankara', 'ankara'),
(7, '07', 'ANTALYA', 'Antalya', 'antalya'),
(8, '08', 'ARTVİN', 'Artvin', 'artvin'),
(9, '09', 'AYDIN', 'Aydın', 'aydın'),
(10, '10', 'BALIKESİR', 'Balıkesir', 'balıkesir'),
(11, '11', 'BİLECİK', 'Bilecik', 'bilecik'),
(12, '12', 'BİNGÖL', 'Bingöl', 'bingöl'),
(13, '13', 'BİTLİS', 'Bitlis', 'bitlis'),
(14, '14', 'BOLU', 'Bolu', 'bolu'),
(15, '15', 'BURDUR', 'Burdur', 'burdur'),
(16, '16', 'BURSA', 'Bursa', 'bursa'),
(17, '17', 'ÇANAKKALE', 'Çanakkale', 'çanakkale'),
(18, '18', 'ÇANKIRI', 'Çankırı', 'çankırı'),
(19, '19', 'ÇORUM', 'Çorum', 'çorum'),
(20, '20', 'DENİZLİ', 'Denizli', 'denizli'),
(21, '21', 'DİYARBAKIR', 'Diyarbakır', 'diyarbakır'),
(22, '22', 'EDİRNE', 'Edirne', 'edirne'),
(23, '23', 'ELAZIĞ', 'Elazığ', 'elazığ'),
(24, '24', 'ERZİNCAN', 'Erzincan', 'erzincan'),
(25, '25', 'ERZURUM', 'Erzurum', 'erzurum'),
(26, '26', 'ESKİŞEHİR', 'Eskişehir', 'eskişehir'),
(27, '27', 'GAZİANTEP', 'Gaziantep', 'gaziantep'),
(28, '28', 'GİRESUN', 'Giresun', 'giresun'),
(29, '29', 'GÜMÜŞHANE', 'Gümüşhane', 'gümüşhane'),
(30, '30', 'HAKKARİ', 'Hakkari', 'hakkari'),
(31, '31', 'HATAY', 'Hatay', 'hatay'),
(32, '32', 'ISPARTA', 'Isparta', 'ısparta'),
(33, '33', 'MERSİN', 'Mersin', 'mersin'),
(34, '34', 'İSTANBUL', 'İstanbul', 'istanbul'),
(35, '35', 'İZMİR', 'İzmir', 'izmir'),
(36, '36', 'KARS', 'Kars', 'kars'),
(37, '37', 'KASTAMONU', 'Kastamonu', 'kastamonu'),
(38, '38', 'KAYSERİ', 'Kayseri', 'kayseri'),
(39, '39', 'KIRKLARELİ', 'Kırklareli', 'kırklareli'),
(40, '40', 'KIRŞEHİR', 'Kırşehir', 'kırşehir'),
(41, '41', 'KOCAELİ', 'Kocaeli', 'kocaeli'),
(42, '42', 'KONYA', 'Konya', 'konya'),
(43, '43', 'KÜTAHYA', 'Kütahya', 'kütahya'),
(44, '44', 'MALATYA', 'Malatya', 'malatya'),
(45, '45', 'MANİSA', 'Manisa', 'manisa'),
(46, '46', 'KAHRAMANMARAŞ', 'Kahramanmaraş', 'kahramanmaraş'),
(47, '47', 'MARDİN', 'Mardin', 'mardin'),
(48, '48', 'MUĞLA', 'Muğla', 'muğla'),
(49, '49', 'MUŞ', 'Muş', 'muş'),
(50, '50', 'NEVŞEHİR', 'Nevşehir', 'nevşehir'),
(51, '51', 'NİĞDE', 'Niğde', 'niğde'),
(52, '52', 'ORDU', 'Ordu', 'ordu'),
(53, '53', 'RİZE', 'Rize', 'rize'),
(54, '54', 'SAKARYA', 'Sakarya', 'sakarya'),
(55, '55', 'SAMSUN', 'Samsun', 'samsun'),
(56, '56', 'SİİRT', 'Siirt', 'siirt'),
(57, '57', 'SİNOP', 'Sinop', 'sinop'),
(58, '58', 'SİVAS', 'Sivas', 'sivas'),
(59, '59', 'TEKİRDAĞ', 'Tekirdağ', 'tekirdağ'),
(60, '60', 'TOKAT', 'Tokat', 'tokat'),
(61, '61', 'TRABZON', 'Trabzon', 'trabzon'),
(62, '62', 'TUNCELİ', 'Tunceli', 'tunceli'),
(63, '63', 'ŞANLIURFA', 'Şanlıurfa', 'şanlıurfa'),
(64, '64', 'UŞAK', 'Uşak', 'uşak'),
(65, '65', 'VAN', 'Van', 'van'),
(66, '66', 'YOZGAT', 'Yozgat', 'yozgat'),
(67, '67', 'ZONGULDAK', 'Zonguldak', 'zonguldak'),
(68, '68', 'AKSARAY', 'Aksaray', 'aksaray'),
(69, '69', 'BAYBURT', 'Bayburt', 'bayburt'),
(70, '70', 'KARAMAN', 'Karaman', 'karaman'),
(71, '71', 'KIRIKKALE', 'Kırıkkale', 'kırıkkale'),
(72, '72', 'BATMAN', 'Batman', 'batman'),
(73, '73', 'ŞIRNAK', 'Şırnak', 'şırnak'),
(74, '74', 'BARTIN', 'Bartın', 'bartın'),
(75, '75', 'ARDAHAN', 'Ardahan', 'ardahan'),
(76, '76', 'IĞDIR', 'Iğdır', 'ığdır'),
(77, '77', 'YALOVA', 'Yalova', 'yalova'),
(78, '78', 'KARABÜK', 'Karabük', 'karabük'),
(79, '79', 'KİLİS', 'Kilis', 'kilis'),
(80, '80', 'OSMANİYE', 'Osmaniye', 'osmaniye'),
(81, '81', 'DÜZCE', 'Düzce', 'düzce');

-- --------------------------------------------------------

--
-- Table structure for table `company`
--

CREATE TABLE IF NOT EXISTS `company` (
  `id` int(11) NOT NULL AUTO_INCREMENT,
  `integrated_company_id` int(11) DEFAULT '0',
  `company_referance_id` int(11) DEFAULT '0',
  `relation_personal_id` int(11) DEFAULT '0' COMMENT 'ilgili_kisi',
  `company_sectors_id` int(11) DEFAULT '0' COMMENT 'sektörü',
  `company_name` varchar(255) COLLATE utf8_turkish_ci DEFAULT '' COMMENT 'şikret_adı',
  `company_type` varchar(255) COLLATE utf8_turkish_ci DEFAULT '' COMMENT 'şirket türü',
  `company_email` varchar(255) COLLATE utf8_turkish_ci DEFAULT '' COMMENT 'email adresi',
  `company_webpage` varchar(255) COLLATE utf8_turkish_ci DEFAULT '' COMMENT 'web sayfası',
  `company_authorized_name` varchar(255) COLLATE utf8_turkish_ci DEFAULT '' COMMENT 'yetkili ad..',
  `company_authorized_lastname` varchar(255) COLLATE utf8_turkish_ci DEFAULT '' COMMENT 'soyadı',
  `company_authorized_email_address` varchar(255) COLLATE utf8_turkish_ci DEFAULT '' COMMENT 'yet mail',
  `company_commercial_name` varchar(255) COLLATE utf8_turkish_ci DEFAULT '' COMMENT 'firmanın ticari adı',
  `company_phone` varchar(255) COLLATE utf8_turkish_ci DEFAULT '' COMMENT 'telefon',
  `company_fax` varchar(255) COLLATE utf8_turkish_ci DEFAULT '' COMMENT 'fax',
  `company_gsm` varchar(255) COLLATE utf8_turkish_ci DEFAULT '' COMMENT 'cep tel',
  `add_date` datetime DEFAULT '0000-00-00 00:00:00',
  `status` tinyint(3) DEFAULT '0',
  `risk` tinyint(3) DEFAULT '0',
  `tax_verge` varchar(255) COLLATE utf8_turkish_ci DEFAULT '' COMMENT 'vergi dairesi',
  `tax_number` varchar(255) COLLATE utf8_turkish_ci DEFAULT '' COMMENT 'vergi no',
  `company_authorized_position` int(11) DEFAULT '0' COMMENT 'yetki deprtman grup',
  `company_authorized_section` int(11) DEFAULT '0' COMMENT 'yetkili bölümler',
  `city_invoice` int(11) DEFAULT '0' COMMENT 'fatura şehiri',
  `town_invoice` int(11) DEFAULT '0',
  PRIMARY KEY (`id`)
) ENGINE=MyISAM DEFAULT CHARSET=utf8 COLLATE=utf8_turkish_ci AUTO_INCREMENT=1 ;

-- --------------------------------------------------------

--
-- Table structure for table `movable`
--

CREATE TABLE IF NOT EXISTS `movable` (
  `id` int(11) NOT NULL AUTO_INCREMENT,
  `personal_id` varchar(255) COLLATE utf8_turkish_ci DEFAULT '',
  `movable_number` varchar(255) COLLATE utf8_turkish_ci DEFAULT '' COMMENT 'demirbaş numarası',
  `series_number` varchar(255) COLLATE utf8_turkish_ci DEFAULT '' COMMENT 'seri numarası',
  `unit` tinyint(3) DEFAULT '0' COMMENT 'adet',
  `comment` text COLLATE utf8_turkish_ci COMMENT 'aöıklama',
  `give_date` date DEFAULT '0000-00-00' COMMENT 'verildiği tarih',
  `take_date` date DEFAULT '0000-00-00' COMMENT 'alındığı tarih',
  PRIMARY KEY (`id`)
) ENGINE=MyISAM  DEFAULT CHARSET=utf8 COLLATE=utf8_turkish_ci COMMENT='demirbaşlar' AUTO_INCREMENT=6 ;

--
-- Dumping data for table `movable`
--

INSERT INTO `movable` (`id`, `personal_id`, `movable_number`, `series_number`, `unit`, `comment`, `give_date`, `take_date`) VALUES
(3, '1', '9800', '005825', 2, '334', '2012-11-06', '2012-11-28'),
(4, '2', '34600', '5454', 10, '', '2012-11-08', '2012-11-07'),
(5, '1', 'w', '2', 2, '', '2012-11-21', '2012-11-30');

-- --------------------------------------------------------

--
-- Table structure for table `personal`
--

CREATE TABLE IF NOT EXISTS `personal` (
  `id` int(11) NOT NULL AUTO_INCREMENT,
  `section_id` int(11) DEFAULT '0',
  `position_id` int(11) DEFAULT '0',
  `personal_no` varchar(255) COLLATE utf8_turkish_ci DEFAULT '',
  `name` varchar(255) COLLATE utf8_turkish_ci DEFAULT '',
  `surname` varchar(255) COLLATE utf8_turkish_ci DEFAULT '',
  `i_series` varchar(255) COLLATE utf8_turkish_ci DEFAULT '' COMMENT 'serisi',
  `i_inumber` varchar(255) COLLATE utf8_turkish_ci DEFAULT '' COMMENT 'kimlik seri no',
  `i_TcNo` varchar(255) COLLATE utf8_turkish_ci DEFAULT '',
  `i_FatherName` varchar(255) COLLATE utf8_turkish_ci DEFAULT '',
  `i_MotherName` varchar(255) COLLATE utf8_turkish_ci DEFAULT '',
  `i_BornPlace` varchar(255) COLLATE utf8_turkish_ci DEFAULT '' COMMENT 'doğum yeri',
  `i_BornDate` date DEFAULT '0000-00-00',
  `i_LawCivil` varchar(255) COLLATE utf8_turkish_ci DEFAULT '' COMMENT 'medeni hali',
  `i_religion` varchar(255) COLLATE utf8_turkish_ci DEFAULT '' COMMENT 'dini',
  `i_city` int(11) DEFAULT '0',
  `i_town` int(11) DEFAULT '0' COMMENT 'ilçe',
  `i_neighborhood` varchar(255) COLLATE utf8_turkish_ci DEFAULT '' COMMENT 'mahalle-köy',
  `i_face_no` varchar(255) COLLATE utf8_turkish_ci DEFAULT '' COMMENT 'cild numarası',
  `i_FamilyNumber` varchar(255) COLLATE utf8_turkish_ci DEFAULT '' COMMENT 'aile sıra no',
  `i_order_no` varchar(255) COLLATE utf8_turkish_ci DEFAULT '' COMMENT 'sıra no kimlik arka yüz',
  `i_RegNo` varchar(255) COLLATE utf8_turkish_ci DEFAULT '' COMMENT 'kayıt no',
  `i_IdentifyLocation` varchar(255) COLLATE utf8_turkish_ci DEFAULT '' COMMENT 'verildiği yer',
  `i_whyGive` varchar(255) COLLATE utf8_turkish_ci DEFAULT '' COMMENT 'veriliş nedeni',
  `i_GiveDate` date DEFAULT '0000-00-00' COMMENT 'veriliş tarihi',
  `adress_1` text COLLATE utf8_turkish_ci,
  `adress_2` text COLLATE utf8_turkish_ci,
  `adress_city` int(11) DEFAULT '0',
  `adress_town` varchar(255) COLLATE utf8_turkish_ci DEFAULT '',
  `gsm_number` varchar(255) COLLATE utf8_turkish_ci DEFAULT '',
  `home_number` varchar(255) COLLATE utf8_turkish_ci DEFAULT '',
  `gsm_number2` varchar(255) COLLATE utf8_turkish_ci DEFAULT '',
  `alternative_number_who` varchar(255) COLLATE utf8_turkish_ci DEFAULT '' COMMENT 'alternatif telefon numarası kime ait',
  `alternative_number` varchar(255) COLLATE utf8_turkish_ci DEFAULT '' COMMENT 'yakının numarası',
  `email_address` varchar(255) COLLATE utf8_turkish_ci DEFAULT '' COMMENT 'firma email adresi',
  `personal_email_address` varchar(255) COLLATE utf8_turkish_ci DEFAULT '' COMMENT 'kişisel email adresi',
  `p_register_number` varchar(255) COLLATE utf8_turkish_ci DEFAULT '' COMMENT 'sicil_numarası',
  `p_blood_group` varchar(255) COLLATE utf8_turkish_ci DEFAULT '',
  `p_SskNo` varchar(255) COLLATE utf8_turkish_ci DEFAULT '',
  `w_salary` varchar(255) COLLATE utf8_turkish_ci DEFAULT '' COMMENT 'maaş',
  `w_datetime` date DEFAULT '0000-00-00' COMMENT 'işe başladığı tarih',
  `w_enddate` date DEFAULT '0000-00-00' COMMENT 'işten ayrılma tarihi',
  `status_` tinyint(3) DEFAULT '0',
  `notes` text COLLATE utf8_turkish_ci,
  `picture` varchar(255) COLLATE utf8_turkish_ci DEFAULT '',
  `p_give_why` text COLLATE utf8_turkish_ci,
  `password` varchar(255) COLLATE utf8_turkish_ci DEFAULT '',
  PRIMARY KEY (`id`)
) ENGINE=MyISAM  DEFAULT CHARSET=utf8 COLLATE=utf8_turkish_ci AUTO_INCREMENT=3 ;

--
-- Dumping data for table `personal`
--

INSERT INTO `personal` (`id`, `section_id`, `position_id`, `personal_no`, `name`, `surname`, `i_series`, `i_inumber`, `i_TcNo`, `i_FatherName`, `i_MotherName`, `i_BornPlace`, `i_BornDate`, `i_LawCivil`, `i_religion`, `i_city`, `i_town`, `i_neighborhood`, `i_face_no`, `i_FamilyNumber`, `i_order_no`, `i_RegNo`, `i_IdentifyLocation`, `i_whyGive`, `i_GiveDate`, `adress_1`, `adress_2`, `adress_city`, `adress_town`, `gsm_number`, `home_number`, `gsm_number2`, `alternative_number_who`, `alternative_number`, `email_address`, `personal_email_address`, `p_register_number`, `p_blood_group`, `p_SskNo`, `w_salary`, `w_datetime`, `w_enddate`, `status_`, `notes`, `picture`, `p_give_why`, `password`) VALUES
(1, 2, 1, '', 'selman', 'tunç', '5555', '5555', '3333333', 'ahmet', 'ayşe', 'konya', '2012-11-13', '2', 'iii', 5, 56, 'plook', '23', '23', '23', '23', '23', '23', '2012-11-27', 'de', '', 21, '272', '33', '23', '0', '222', '22', 'selmantunc@gmail.com', 'der@gmail.com', 'der', '', '234', '2500', '2012-11-21', '2012-11-27', 0, 'dsd', '0', '', '7c4a8d09ca3762af61e59520943dc26494f8941b'),
(2, 3, 1, '', 'KkK', 'K', 'K', 'K', '333', '3', '3', '3', '0000-00-00', '2', '3', 2, 19, '6', '6', '6', '6', '6', '6', '6', '2012-12-20', '3', 'sd', 20, '260', '2', '3', '6', '2', '2', 'deneme@deneme.com', 'deneme@deneme.com', 'duygu@talutech.com', '0', '6', '6', '2012-12-18', '0000-00-00', 0, 'd', 'a1a8bc7967cfdbc934fbff3be7058d2d.jpg', 'sd', '');

-- --------------------------------------------------------

--
-- Table structure for table `position`
--

CREATE TABLE IF NOT EXISTS `position` (
  `id` int(11) NOT NULL AUTO_INCREMENT,
  `position` varchar(255) COLLATE utf8_turkish_ci DEFAULT '',
  PRIMARY KEY (`id`)
) ENGINE=MyISAM  DEFAULT CHARSET=utf8 COLLATE=utf8_turkish_ci AUTO_INCREMENT=5 ;

--
-- Dumping data for table `position`
--

INSERT INTO `position` (`id`, `position`) VALUES
(1, 'Kurumsal İletişim'),
(2, 'Finans / Muhasebe'),
(3, 'Yazılım / Tasarım'),
(4, 'Teknik Servis');

-- --------------------------------------------------------

--
-- Table structure for table `prize`
--

CREATE TABLE IF NOT EXISTS `prize` (
  `id` int(11) NOT NULL AUTO_INCREMENT,
  `personal_id` int(11) DEFAULT '0',
  `prize_name` varchar(255) COLLATE utf8_turkish_ci DEFAULT '',
  `prize_type` varchar(255) COLLATE utf8_turkish_ci DEFAULT '',
  `prize_accept_place` varchar(255) COLLATE utf8_turkish_ci DEFAULT '' COMMENT 'odulu veren kurum veya kisi',
  `prize_accept_date` date DEFAULT '0000-00-00' COMMENT 'personelin odulu aldıgı tarih',
  `prize_record_date` date DEFAULT '0000-00-00' COMMENT 'odulun sisteme kayıt edildigi tarih',
  `status` int(11) DEFAULT '0' COMMENT 'durum',
  PRIMARY KEY (`id`)
) ENGINE=MyISAM  DEFAULT CHARSET=utf8 COLLATE=utf8_turkish_ci COMMENT='oduller' AUTO_INCREMENT=20 ;

--
-- Dumping data for table `prize`
--

INSERT INTO `prize` (`id`, `personal_id`, `prize_name`, `prize_type`, `prize_accept_place`, `prize_accept_date`, `prize_record_date`, `status`) VALUES
(3, 2, 'teknik', 'teknik', 'kahhhh', '2012-01-01', '2012-11-26', 0),
(4, 4, 'sfdsfdsg', 'gdsgds', 'jkhbjö', '2012-01-26', '2012-11-26', 0),
(9, 5, 'teknik', 'olduuuuuuuuuuuuuuuuu', 'uleyyyyyyyn', '2012-01-01', '2012-11-25', 0),
(10, 11, 'pazardanbırı', 'pazardanbırı', 'pazardanbırı', '2012-01-04', '2012-11-24', 0),
(11, 10, '9mm Browning Atış Birinciliği', 'Askeri', 'Türk Silahlı Kuvvetleri', '2010-02-09', '2012-11-25', 0),
(12, 12, 'yemek yapma şampiyonu', 'gıda', 'türk mutfak enstitüsü', '2012-01-25', '2012-11-26', 0),
(13, 9, 'miiii', 'necen', 'ıhdfs', '2012-01-11', '2012-11-25', 0),
(14, 7, 'murata', 'yeni', 'ödül', '2012-01-16', '2012-11-25', 0),
(15, 9, 'salih', 'salih', 'istanbul', '2012-01-25', '2012-11-25', 0),
(16, 11, 'yemek yeme şampiyonu', 'homili gırtlak', 'yemekhane', '2012-01-06', '2012-11-25', 0),
(18, 7, 'koşu birincisi', 'koşubaqndı', 'istanbul', '2012-01-24', '2012-11-26', 0),
(19, 0, '0', '0', '0', '0000-00-00', '0000-00-00', 0);

-- --------------------------------------------------------

--
-- Table structure for table `section`
--

CREATE TABLE IF NOT EXISTS `section` (
  `id` int(11) NOT NULL AUTO_INCREMENT,
  `position_id` int(11) DEFAULT '0',
  `section` varchar(255) COLLATE utf8_turkish_ci DEFAULT '',
  PRIMARY KEY (`id`)
) ENGINE=MyISAM  DEFAULT CHARSET=utf8 COLLATE=utf8_turkish_ci AUTO_INCREMENT=29 ;

--
-- Dumping data for table `section`
--

INSERT INTO `section` (`id`, `position_id`, `section`) VALUES
(1, 1, 'Yönetici'),
(2, 1, 'Yönetici Yardımcısı'),
(3, 1, 'Şef'),
(4, 1, 'Uzman'),
(5, 1, 'Personal'),
(6, 1, 'Stajer'),
(7, 2, 'Yönetici'),
(8, 2, 'Yönetici Yardımcısı'),
(9, 2, 'Şef'),
(10, 2, 'Uzman'),
(11, 2, 'Personal'),
(12, 2, 'Stajer'),
(13, 3, 'Yönetici'),
(14, 3, 'Yönetici Yardımcısı'),
(15, 3, 'Şef'),
(16, 3, 'Uzman'),
(17, 3, 'Personal'),
(18, 3, 'Stajer'),
(19, 4, 'Yönetici'),
(20, 4, 'Yönetici Yardımcısı'),
(21, 4, 'Şef'),
(22, 4, 'Uzman'),
(23, 4, 'Personal'),
(24, 4, 'Stajer'),
(25, 1, 'Uzman Yardımcısı'),
(26, 2, 'Uzman Yardımcısı'),
(27, 3, 'Uzman Yardımcısı'),
(28, 4, 'Uzman Yardımcısı');

-- --------------------------------------------------------

--
-- Table structure for table `sectors`
--

CREATE TABLE IF NOT EXISTS `sectors` (
  `id` int(11) NOT NULL AUTO_INCREMENT,
  `title` varchar(255) DEFAULT NULL,
  PRIMARY KEY (`id`)
) ENGINE=MyISAM  DEFAULT CHARSET=utf8 AUTO_INCREMENT=40 ;

--
-- Dumping data for table `sectors`
--

INSERT INTO `sectors` (`id`, `title`) VALUES
(1, 'Alışveriş'),
(2, 'Ambalaj Kagıt'),
(3, 'Basım yayın'),
(4, 'Belediye yerel örgütler'),
(5, 'Bilgisayar Yazılım'),
(6, 'Çevre ve Su'),
(7, 'Çiçekcilik ve süs bitkileri'),
(8, 'Denizcilik'),
(9, 'Deri ve sanayi ürünleri'),
(10, 'Eğitim ve danışmanlık'),
(11, 'Elektirk elektronik'),
(12, 'Endüstriyel Ürünler'),
(13, 'Enerji'),
(14, 'Ev Eşyaları'),
(15, 'Finans Sigorta'),
(16, 'Gıda ve İçecek'),
(17, 'Güvenlik Savunma'),
(18, 'Hizmetler'),
(19, 'ihracat ithalat ticaret'),
(20, 'İnşaat emlak'),
(21, 'Kimya ve boya sanayi'),
(22, 'Maden ve Minareller'),
(23, 'Makine Sanayi-Takım Tezgahı'),
(24, 'Metal-Demir çelik Sanayi'),
(25, 'Ofis Kırtasiye'),
(26, 'Otomotiv Sanayi'),
(27, 'Oyuncak- Hediyelik Eşya'),
(28, 'Plastik Sanayi'),
(29, 'Reklam Tanıtım'),
(30, 'Sağlık-Kozmetik'),
(31, 'Sanat-Müzik-Eğlence'),
(32, 'Sivil Toplum'),
(33, 'Spor-Spor Ürünleri'),
(34, 'Takıve Mücevherat'),
(35, 'Tarım ve Hayvancılık'),
(36, 'Taşımacılık Hediye'),
(37, 'Tekstil ve Moda'),
(38, 'Telekominikasyon'),
(39, 'Turizm ve tatil');

-- --------------------------------------------------------

--
-- Table structure for table `sectors_cat`
--

CREATE TABLE IF NOT EXISTS `sectors_cat` (
  `id` int(11) NOT NULL AUTO_INCREMENT,
  `cat_id` int(255) DEFAULT NULL,
  `title` varchar(255) DEFAULT NULL,
  PRIMARY KEY (`id`)
) ENGINE=MyISAM  DEFAULT CHARSET=utf8 AUTO_INCREMENT=765 ;

--
-- Dumping data for table `sectors_cat`
--

INSERT INTO `sectors_cat` (`id`, `cat_id`, `title`) VALUES
(1, 1, 'Alışveriş Merkezleri'),
(2, 1, 'Online Mağazalar'),
(3, 1, 'Perakende Mağazacılık'),
(4, 1, 'Toptan Mağazacılık'),
(5, 2, 'Alüminyum Folyo'),
(6, 2, 'Ambalaj Makinaları'),
(7, 2, 'Ambalaj Malzemeleri'),
(8, 2, 'Ambalaj Sanayi'),
(9, 2, 'Diğer Ambalaj Ürünleri'),
(10, 2, 'Gıda Ambalajı'),
(11, 2, 'Kağıt'),
(12, 2, 'Karton ve Oluklu Mukavva'),
(13, 2, 'Kutu Ambalaj'),
(14, 2, 'Plastik Ambalaj'),
(15, 2, 'Poşet Çanta'),
(16, 2, 'Şişeleme ve Paketleme'),
(17, 2, 'Tekstil Ambalaj'),
(18, 3, '2.El Makinalar'),
(19, 3, 'Bayrak'),
(20, 3, 'CD-Manyetik Ürünler'),
(21, 3, 'Dergiler'),
(22, 3, 'Dijital Baskı'),
(23, 3, 'Gazeteler'),
(24, 3, 'Haber Ajansları'),
(25, 3, 'İnternet Medya'),
(26, 3, 'Kitap'),
(27, 3, 'Matbaa Makinaları'),
(28, 3, 'Matbaa Malzemeleri'),
(29, 3, 'Matbaalar'),
(30, 3, 'Radyo-TV Elektroniği'),
(31, 3, 'Radyo ve Televizyonlar'),
(32, 3, 'Yayınevleri'),
(33, 4, 'Belediyeler'),
(34, 4, 'Meslek Örgütleri'),
(35, 4, 'Sanayi Odaları'),
(36, 4, 'Sanayi ve Ticaret Odaları'),
(37, 4, 'Muhtarlıklar'),
(38, 5, '2.El Bilgisayar'),
(39, 5, 'Bilgisayar Çevre Birimleri'),
(40, 5, 'Bilgisayar Donanım'),
(41, 5, 'Endüstriyel Otomasyon'),
(42, 5, 'Internet Hizmetleri'),
(43, 5, 'Internet Reklamcılığı-Web'),
(44, 5, 'Kablo ve Konnektörler'),
(45, 5, 'Kartuş-Toner-Mürekkep'),
(46, 5, 'Kesintisiz Güç Kaynakları'),
(47, 5, 'Network Donanım'),
(48, 5, 'Ofis Makinaları'),
(49, 5, 'Teknik Servisler'),
(50, 5, 'Tüketim Malzemeleri'),
(51, 5, 'Video Konferans Sistemleri'),
(52, 5, 'Yazılım - Program'),
(53, 5, 'Web Hosting'),
(54, 6, 'Bahçe Makina ve Aletleri'),
(55, 6, 'Çevre Düzenleme (Peyzaj)'),
(56, 6, 'Çevre Teknolojileri'),
(57, 6, 'Su - Havuz Kimyasalları'),
(58, 6, 'Su ve Atık Arıtma'),
(59, 6, 'Su ve Maden Suları'),
(60, 6, 'Şişeleme ve Paketleme'),
(61, 7, 'Bahçe Bitkileri'),
(62, 7, 'Bahçe Makina ve Aletleri'),
(63, 7, 'Çevre Düzenleme (Peyzaj)'),
(64, 7, 'Çiçek Yetiştiriciler'),
(65, 7, 'Çiçekçiler'),
(66, 7, 'Fidancılık'),
(67, 7, 'Gübre ve Toprak'),
(68, 7, 'Kurutulmuş Çiçek'),
(69, 7, 'Saksı Bitkileri'),
(70, 7, 'Tohumculuk'),
(71, 7, 'Yapay Çiçek'),
(72, 8, 'Ambar Sağlayıcılar'),
(73, 8, 'Antrepocular'),
(74, 8, 'Deniz Taşımacılık'),
(75, 8, 'Denizcilik Acentaları  Brokers'),
(76, 8, 'Denizcilik Malzemeleri'),
(77, 8, 'Denizcilik Sigortası'),
(78, 8, 'Gemi Sahipleri (Armatörler)'),
(79, 8, 'Gemi Tamir Bakım ve Servis Hizmetleri'),
(80, 8, 'Konteyner'),
(81, 8, 'Kontrol-Gözetim Hizmetleri'),
(82, 8, 'Liman Hizmetleri'),
(83, 8, 'Su Altı Çalışmaları'),
(84, 8, 'Yat ve Tekne Yapımı'),
(85, 8, 'Yükleme Boşaltma'),
(86, 9, 'Ayakkabı'),
(87, 9, 'Ayakkabı Aksesuarları'),
(88, 9, 'Ayakkabı Makina-Kalıp'),
(89, 9, 'Çanta Kemer Aksesuar'),
(90, 9, 'Deri Kimyasalları'),
(91, 9, 'Deri Kürk Giyim'),
(92, 9, 'Deri Makinaları'),
(93, 9, 'Deri Yan Malzemeleri'),
(94, 9, 'Hamderi'),
(95, 9, 'İşlenmiş Deri'),
(96, 9, 'Suni Deri'),
(97, 9, 'Tabakhaneler'),
(98, 9, 'Terlik'),
(99, 10, 'Bilgisayar Kursları'),
(100, 10, 'Dersaneler'),
(101, 10, 'Diğer Kurslar'),
(102, 10, 'Dil Kursları'),
(103, 10, 'Eğitim Araçları'),
(104, 10, 'Eğitim Yazılımları'),
(105, 10, 'Ilk Öğretim Okulları'),
(106, 10, 'Kağıt'),
(107, 10, 'Kitap - Kırtasiye'),
(108, 10, 'Kreş ve Ana Okulları'),
(109, 10, 'Lise ve Kolejler'),
(110, 10, 'Meslek Liseleri'),
(111, 10, 'Milli Eğitim Müdürlükleri'),
(112, 10, 'Okul Elbise ve Çantası'),
(113, 10, 'Okul Mobilyaları'),
(114, 10, 'Özel Eğitim Kurumları'),
(115, 10, 'Sürücü Kursları'),
(116, 11, 'Aydınlatma Sanayi'),
(117, 11, 'Batarya-Pil-Akü'),
(118, 11, 'Elek.Elektronik Ürünler'),
(119, 11, 'Elektrik Malzemeleri'),
(120, 11, 'Elektrik Panolari'),
(121, 11, 'Elektrik Taahhüt İşleri'),
(122, 11, 'Elektrik Yan Malzeme'),
(123, 11, 'Elektrikli Ev Aletleri'),
(124, 11, 'Elektronik Malzeme'),
(125, 11, 'Elk.Teknik Servisler'),
(126, 11, 'Endüstriyel Otomasyon'),
(127, 11, 'Güvenlik Sistemleri'),
(128, 11, 'Işık ve Ses Sistemleri'),
(129, 11, 'Jeneratör'),
(130, 11, 'Kablo ve Konnektörler'),
(131, 11, 'Kaynak Makina ve Elektrot'),
(132, 11, 'Kesintisiz Güç Kaynakları'),
(133, 11, 'Kontrol Cihazları'),
(134, 11, 'Optik Cihazlar'),
(135, 11, 'Ölçü Tartı Cihazları'),
(136, 11, 'Pompa-Kompresör'),
(137, 11, 'Tıbbi Cihaz'),
(138, 11, 'Uydu Sistemleri'),
(139, 12, 'Bağlantı Elemanları'),
(140, 12, 'Boru Sanayi'),
(141, 12, 'Boya-Cila'),
(142, 12, 'CAD / CAM / CAE'),
(143, 12, 'CNC Takım Tezgahları'),
(144, 12, 'Conta'),
(145, 12, 'Çalışma Tezgahları'),
(146, 12, 'Dişli ve Çarklar'),
(147, 12, 'Endüstriyel Mutfak'),
(148, 12, 'Endüstriyel Otomasyon'),
(149, 12, 'Endüstriyel Soğutucular'),
(150, 12, 'Endüstriyel Yağlar'),
(151, 12, 'Endüstriyel Yıkama'),
(152, 12, 'Filtre Sanayi'),
(153, 12, 'Frigofrik Soğutma ve Klima'),
(154, 12, 'Gaz Armatürleri'),
(155, 12, 'Genel Endüstriyel Ürünler'),
(156, 12, 'Güç Transferi'),
(157, 12, 'Hidrolik ve Pres'),
(158, 12, 'Isı Transfer Cihazları'),
(159, 12, 'İstifleme Makinaları'),
(160, 12, 'İş Elbiseleri'),
(161, 12, 'İzolasyon-Yalıtım'),
(162, 12, 'İzolasyon Kimyasalları'),
(163, 12, 'Kalıp Sanayi'),
(164, 12, 'Kalite Kontrol'),
(165, 12, 'Kaynak Makina ve Elektrot'),
(166, 12, 'Kazan-Tank'),
(167, 12, 'Klima Havalandırma'),
(168, 12, 'Non-Woven Yalıtım Malzemesi'),
(169, 12, 'Otomat Sanayi'),
(170, 12, 'Ölçü Tartı Cihazları'),
(171, 12, 'Pompa-Kompresör'),
(172, 12, 'Rulman-Bilya'),
(173, 12, 'Sıkıştırılmış Gazlar'),
(174, 12, 'Su Armatürleri'),
(175, 12, 'Temizlik Malzemeleri'),
(176, 12, 'Torna Tezgahları'),
(177, 12, 'Tutkal ve Yapıştırıcı'),
(178, 12, 'Vana ve Birleştiriciler'),
(179, 12, 'Yay'),
(180, 12, 'Yüzey İşlem'),
(181, 12, 'Zincir- Halat'),
(182, 12, 'Zımpara -Aşındırıcı Maddeler'),
(183, 13, 'Akaryakıt ve Petrol Ürünleri'),
(184, 13, 'Alternatif Enerji'),
(185, 13, 'Dagıtım ve Enerji Hatları'),
(186, 13, 'Doğal Gaz'),
(187, 13, 'Elektro Kimya'),
(188, 13, 'Enerji Taahhüt İşleri'),
(189, 13, 'Güneş Enerjisi'),
(190, 13, 'Jeneratör'),
(191, 13, 'Kesintisiz Güç Kaynakları'),
(192, 13, 'Kömür'),
(193, 13, 'Nükleer Enerji'),
(194, 14, 'Anahtar Kilit'),
(195, 14, 'Banyo-Tuvalet Aksesuarları'),
(196, 14, 'Beyaz Eşya Yan Sanayi'),
(197, 14, 'Cam Eşya'),
(198, 14, 'Çelik Kapı'),
(199, 14, 'Dayanıklı Tüketim Malları'),
(200, 14, 'Elektrikli Ev Aletleri'),
(201, 14, 'Ev Mobilyaları'),
(202, 14, 'Ev Tekstili'),
(203, 14, 'Halı-Kilim-Battaniye'),
(204, 14, 'Haşere Ilaçlama'),
(205, 14, 'Kapı Pencere'),
(206, 14, 'Mutfak - Banyo'),
(207, 14, 'Mutfak Aletleri'),
(208, 14, 'Perde Mefruşat'),
(209, 14, 'Resim - Çerçeve'),
(210, 14, 'Saat-Çakmak'),
(211, 14, 'Saksı Bitkileri'),
(212, 14, 'Temizlik Malzemeleri'),
(213, 14, 'Yatak Yorgan'),
(214, 15, 'Bankalar'),
(215, 15, 'Borsa Aracı Kurumları'),
(216, 15, 'Denizcilik Sigortası'),
(217, 15, 'Factoring Firmaları'),
(218, 15, 'Finans Kurumları'),
(219, 15, 'Leasing Firmaları'),
(220, 15, 'Mali Müşavirlikler'),
(221, 15, 'Sigorta Şirketleri'),
(222, 16, 'Alkollü Içecekler'),
(223, 16, 'Alkolsüz Içecekler'),
(224, 16, 'Baharat ve Doğal Bitkiler'),
(225, 16, 'Bal'),
(226, 16, 'Balık ve Su Ürünleri'),
(227, 16, 'Bisküit -Çikolata-Şekerleme'),
(228, 16, 'Bitkisel Yağlar ve Margarin'),
(229, 16, 'Çay - Kahve'),
(230, 16, 'Diğer Gıda Maddeleri'),
(231, 16, 'Diyet ve Sağlıklı Beslenme'),
(232, 16, 'Doğal Gıdalar'),
(233, 16, 'Domates Salçası'),
(234, 16, 'Dondurulmuş Gıda'),
(235, 16, 'Endüstriyel Soğutucular'),
(236, 16, 'Et ve Et Ürünleri'),
(237, 16, 'Fındık-Fıstık-Ceviz'),
(238, 16, 'Gıda Ambalajı'),
(239, 16, 'Gıda Katkı Maddeleri'),
(240, 16, 'Gıda Makinaları'),
(241, 16, 'Gıda Toptancıları'),
(242, 16, 'Hazır Gıda'),
(243, 16, 'Kalite Kontrol'),
(244, 16, 'Konserve'),
(245, 16, 'Kuru Gıda-Kuruyemiş'),
(246, 16, 'Kurutulmuş Meyve ve Sebze'),
(247, 16, 'Makarna ve Unlu Mamuller'),
(248, 16, 'Mantar'),
(249, 16, 'Market Ekipmanları'),
(250, 16, 'Marketler'),
(251, 16, 'Meyve Suyu'),
(252, 16, 'Narenciye'),
(253, 16, 'Organik Ürünler'),
(254, 16, 'Pasta ve Tatlılar'),
(255, 16, 'Patates-Soğan-Sarımsak'),
(256, 16, 'Sakız'),
(257, 16, 'Su ve Maden Suları'),
(258, 16, 'Süt ve Süt Ürünleri'),
(259, 16, 'Şeker'),
(260, 16, 'Tavuk-Hindi-Devekuşu'),
(261, 16, 'Yaş Sebze ve Meyve'),
(262, 16, 'Yemek-Catering'),
(263, 16, 'Yumurta'),
(264, 16, 'Zeytin ve Zeytin Yağı'),
(265, 17, 'Alarm Sistemleri'),
(266, 17, 'Anahtar Kilit'),
(267, 17, 'Çelik Kasa ve Dolaplar'),
(268, 17, 'Güvenlik Hizmetleri'),
(269, 17, 'Güvenlik Sistemleri'),
(270, 17, 'Güvenlik Yazılımları'),
(271, 17, 'İş Elbiseleri'),
(272, 17, 'Savunma Sanayi'),
(273, 17, 'Silah'),
(274, 17, 'Yangın Söndürme Cihazları'),
(275, 17, 'Zırhlı Araç'),
(276, 18, 'Araştırma Şirketleri'),
(277, 18, 'Avukatlar-Hukuk Müşavirlikleri'),
(278, 18, 'Bilirkişi ve Ekspertiz Hizmetleri'),
(279, 18, 'Danışmanlık Hizmetleri'),
(280, 18, 'Finans Danışmanlığı'),
(281, 18, 'Fuar Organizasyon'),
(282, 18, 'Gümrük Müşavirlikleri'),
(283, 18, 'Güvenlik Hizmetleri'),
(284, 18, 'Haşere Ilaçlama'),
(285, 18, 'Insan Kaynakları'),
(286, 18, 'Kalite Kontrol'),
(287, 18, 'Kontrol-Gözetim Hizmetleri'),
(288, 18, 'Kuru Temizleme'),
(289, 18, 'Kurye'),
(290, 18, 'Mali Müşavirlikler'),
(291, 18, 'Marka-Patent Standard'),
(292, 18, 'Organizasyon Halkla Ilişkiler'),
(293, 18, 'Posta Dağıtım'),
(294, 18, 'Teknoloji Yönetimi'),
(295, 18, 'Tekstil Danışmanlığı'),
(296, 18, 'Temizlik Hizmetleri'),
(297, 18, 'Trafik İşlemleri'),
(298, 18, 'Tercüme -Çeviri Hizmetleri'),
(299, 18, 'Yemek-Catering'),
(300, 18, 'İşletme ve Ofis Yönetimi'),
(301, 19, 'Araştırma Şirketleri'),
(302, 19, 'Avukatlar-Hukuk Müşavirlikleri'),
(303, 19, 'Bilirkişi ve Ekspertiz Hizmetleri'),
(304, 19, 'Danışmanlık Hizmetleri'),
(305, 19, 'Finans Danışmanlığı'),
(306, 19, 'Fuar Organizasyon'),
(307, 19, 'Gümrük Müşavirlikleri'),
(308, 19, 'Güvenlik Hizmetleri'),
(309, 19, 'Haşere Ilaçlama'),
(310, 19, 'Insan Kaynakları'),
(311, 19, 'Kalite Kontrol'),
(312, 19, 'Kontrol-Gözetim Hizmetleri'),
(313, 19, 'Kuru Temizleme'),
(314, 19, 'Kurye'),
(315, 19, 'Mali Müşavirlikler'),
(316, 19, 'Marka-Patent Standard'),
(317, 19, 'Organizasyon Halkla Ilişkiler'),
(318, 19, 'Posta Dağıtım'),
(319, 19, 'Teknoloji Yönetimi'),
(320, 19, 'Tekstil Danışmanlığı'),
(321, 19, 'Temizlik Hizmetleri'),
(322, 19, 'Trafik İşlemleri'),
(323, 19, 'Tercüme -Çeviri Hizmetleri'),
(324, 19, 'Yemek-Catering'),
(325, 19, 'İşletme ve Ofis Yönetimi'),
(326, 20, 'Alçıpan'),
(327, 20, 'Alüminyum Profil'),
(328, 20, 'Anahtar Kilit'),
(329, 20, 'Asansör- Vinç'),
(330, 20, 'Aydınlatma Sanayi'),
(331, 20, 'Bağlantı Elemanları'),
(332, 20, 'Banyo-Tuvalet Aksesuarları'),
(333, 20, 'Cam-Ayna'),
(334, 20, 'Cam Yapı Sistemleri'),
(335, 20, 'Çatı Kaplama'),
(336, 20, 'Çelik Kapı'),
(337, 20, 'Çevre Düzenleme (Peyzaj)'),
(338, 20, 'Çimento-Kireç-Alçı'),
(339, 20, 'Dekorasyon'),
(340, 20, 'El Aletleri'),
(341, 20, 'Elektrik Taahhüt İşleri'),
(342, 20, 'Emlak Işleri'),
(343, 20, 'Güneş Enerjisi'),
(344, 20, 'Hafriyat - Kum Çakıl'),
(345, 20, 'Hırdavat Nalburiye'),
(346, 20, 'Inşaat Boya ve Kimyasalları'),
(347, 20, 'Inşaat Tasarım'),
(348, 20, 'Inşaat Tesisat'),
(349, 20, 'Iskele - Kalıp'),
(350, 20, 'İnşaat Makinaları'),
(351, 20, 'İnşaat Malzemeleri'),
(352, 20, 'İnşaat Mühendisliği'),
(353, 20, 'İnşaat Taahhüt Firmaları'),
(354, 20, 'İzolasyon-Yalıtım'),
(355, 20, 'Kalorifer-Doğalgaz'),
(356, 20, 'Kapı Pencere'),
(357, 20, 'Kereste ve Tomruk'),
(358, 20, 'Klima Havalandırma'),
(359, 20, 'Mermer ve Doğal Taşlar'),
(360, 20, 'Mimar ve Mühendislik'),
(361, 20, 'Mutfak - Banyo'),
(362, 20, 'Orman Ürünleri'),
(363, 20, 'Paspas ve Zemin Sistemleri'),
(364, 20, 'Plastik Doğrama'),
(365, 20, 'Prefabrik Yapı'),
(366, 20, 'Sauna-Havuz'),
(367, 20, 'Seramik-Porselen-Fayans'),
(368, 20, 'Su Armatürleri'),
(369, 20, 'Tel-Çivi'),
(370, 20, 'Tel Örgü -Çit'),
(371, 20, 'Temiz Oda'),
(372, 20, 'Toprak Ürünleri (Tuğla vb.)'),
(373, 20, 'Yapı Denetimi'),
(374, 20, 'Yapı Kimyasalları'),
(375, 20, 'Yer-Duvar Kaplamaları'),
(376, 21, 'Boya-Cila'),
(377, 21, 'Deri Kimyasalları'),
(378, 21, 'Galvano Kimyasalları'),
(379, 21, 'Gıda Katkı Maddeleri'),
(380, 21, 'Gübre ve Toprak'),
(381, 21, 'Inşaat Boya ve Kimyasalları'),
(382, 21, 'İlaç Sanayi'),
(383, 21, 'İzolasyon-Yalıtım'),
(384, 21, 'Kimya Sanayi'),
(385, 21, 'Kozmetik Parfümeri Şampuan'),
(386, 21, 'Lab. ve Test Kimyasalları'),
(387, 21, 'Lastik ve Kauçuk'),
(388, 21, 'Metal Boyama'),
(389, 21, 'Mobilya Boyaları'),
(390, 21, 'Oto Boyaları'),
(391, 21, 'Petro Kimya'),
(392, 21, 'Plastik Hammaddeler'),
(393, 21, 'Polimer ve Pigmentler'),
(394, 21, 'Polyester ve Fiberglas'),
(395, 21, 'Sakız'),
(396, 21, 'Sentetik İplik'),
(397, 21, 'Su - Havuz Kimyasalları'),
(398, 21, 'Sünger'),
(399, 21, 'Tarım İlaçları'),
(400, 21, 'Tekstil Boya Apre'),
(401, 21, 'Tekstil Kimyasalları'),
(402, 21, 'Temizlik Malzemeleri'),
(403, 21, 'Tıbbi Kimyasallar'),
(404, 21, 'Tutkal ve Yapıştırıcı'),
(405, 21, 'Yangın Söndürme Cihazları'),
(406, 21, 'Yem Katkı Maddeleri'),
(407, 21, 'Yumuşatıcı ve Incelticiler'),
(408, 22, 'Akaryakıt ve Petrol Ürünleri'),
(409, 22, 'Alaşımlar'),
(410, 22, 'Cevher ve Mineraller'),
(411, 22, 'Değerli Madenler'),
(412, 22, 'Kömür'),
(413, 22, 'Maden Araştırma'),
(414, 22, 'Maden Makinaları'),
(415, 22, 'Madencilik'),
(416, 22, 'Madeni Yağlar'),
(417, 22, 'Mermer ve Doğal Taşlar'),
(418, 22, 'Ramat Atelyeleri'),
(419, 22, 'Sondaj'),
(420, 23, '2.El Makinalar'),
(421, 23, 'Ağır İş Makinaları'),
(422, 23, 'Ambalaj Makinaları'),
(423, 23, 'Araç Yıkama Makinaları'),
(424, 23, 'Asansör- Vinç'),
(425, 23, 'Ayakkabı Makina-Kalıp'),
(426, 23, 'Bağlantı Elemanları'),
(427, 23, 'Bahçe Makina ve Aletleri'),
(428, 23, 'Boru Sanayi'),
(429, 23, 'CAD / CAM / CAE'),
(430, 23, 'Cam Işleme Makinalari'),
(431, 23, 'CNC Takım Tezgahları'),
(432, 23, 'Deri Makinaları'),
(433, 23, 'Dişli ve Çarklar'),
(434, 23, 'Genel Makina Sanayi'),
(435, 23, 'Gıda Makinaları'),
(436, 23, 'Hidrolik ve Pres'),
(437, 23, 'İnşaat Makinaları'),
(438, 23, 'İstifleme Makinaları'),
(439, 23, 'Kaynak Makina ve Elektrot'),
(440, 23, 'Kazan-Tank'),
(441, 23, 'Kuyumcu Makina ve Malz.'),
(442, 23, 'Makina Yedek Parça'),
(443, 23, 'Matbaa Makinaları'),
(444, 23, 'Metal İşleme Makınaları'),
(445, 23, 'Mobilya Makinaları'),
(446, 23, 'Plastik Makinaları'),
(447, 23, 'Pompa-Kompresör'),
(448, 23, 'Rulman-Bilya'),
(449, 23, 'Tarım Makinaları'),
(450, 23, 'Tekstil Makinaları'),
(451, 23, 'Temizlik Makinaları'),
(452, 23, 'Torna Tezgahları'),
(453, 23, 'Vana ve Birleştiriciler'),
(454, 24, '2.El Makinalar'),
(455, 24, 'Ağır İş Makinaları'),
(456, 24, 'Ambalaj Makinaları'),
(457, 24, 'Araç Yıkama Makinaları'),
(458, 24, 'Asansör- Vinç'),
(459, 24, 'Ayakkabı Makina-Kalıp'),
(460, 24, 'Bağlantı Elemanları'),
(461, 24, 'Bahçe Makina ve Aletleri'),
(462, 24, 'Boru Sanayi'),
(463, 24, 'CAD / CAM / CAE'),
(464, 24, 'Cam Işleme Makinalari'),
(465, 24, 'CNC Takım Tezgahları'),
(466, 24, 'Deri Makinaları'),
(467, 24, 'Dişli ve Çarklar'),
(468, 24, 'Genel Makina Sanayi'),
(469, 24, 'Gıda Makinaları'),
(470, 24, 'Hidrolik ve Pres'),
(471, 24, 'İnşaat Makinaları'),
(472, 24, 'İstifleme Makinaları'),
(473, 24, 'Kaynak Makina ve Elektrot'),
(474, 24, 'Kazan-Tank'),
(475, 24, 'Kuyumcu Makina ve Malz.'),
(476, 24, 'Makina Yedek Parça'),
(477, 24, 'Matbaa Makinaları'),
(478, 24, 'Metal İşleme Makınaları'),
(479, 24, 'Mobilya Makinaları'),
(480, 24, 'Plastik Makinaları'),
(481, 24, 'Pompa-Kompresör'),
(482, 24, 'Rulman-Bilya'),
(483, 24, 'Tarım Makinaları'),
(484, 24, 'Tekstil Makinaları'),
(485, 24, 'Temizlik Makinaları'),
(486, 24, 'Torna Tezgahları'),
(487, 24, 'Vana ve Birleştiriciler'),
(488, 25, 'Çelik Kasa ve Dolaplar'),
(489, 25, 'Kağıt'),
(490, 25, 'Kartuş-Toner-Mürekkep'),
(491, 25, 'Kitap - Kırtasiye'),
(492, 25, 'Ofis Makinaları'),
(493, 25, 'Ofis Mobilyaları'),
(494, 25, 'Telefon Santralleri'),
(495, 25, 'Video Konferans Sistemleri'),
(496, 26, 'Ağır İş Makinaları'),
(497, 26, 'Alarm Sistemleri'),
(498, 26, 'Anahtar Kilit'),
(499, 26, 'Araç Yıkama Makinaları'),
(500, 26, 'Bahçe Makina ve Aletleri'),
(501, 26, 'Batarya-Pil-Akü'),
(502, 26, 'Bisiklet-Motosiklet'),
(503, 26, 'Dişli ve Çarklar'),
(504, 26, 'Egzos'),
(505, 26, 'Filtre Sanayi'),
(506, 26, 'Frigofrik Soğutma ve Klima'),
(507, 26, 'Genel Otomotiv Sanayi'),
(508, 26, 'Kasa Dorse İmalatı'),
(509, 26, 'Lpg Gaz Dönüşüm'),
(510, 26, 'Non-Woven Yalıtım Malzemesi'),
(511, 26, 'Oto Aksesuar'),
(512, 26, 'Oto Boyaları'),
(513, 26, 'Oto Cam'),
(514, 26, 'Oto Kurtarma'),
(515, 26, 'Oto Lastik'),
(516, 26, 'Oto Servis Bakım'),
(517, 26, 'Oto Tuning'),
(518, 26, 'Otomat Sanayi'),
(519, 26, 'Otomobil Bayileri'),
(520, 26, 'Otomotiv Elektrik-Elektroniği'),
(521, 26, 'Radyatör'),
(522, 26, 'Rulman-Bilya'),
(523, 26, 'Servis Ekipmanları'),
(524, 26, 'Tarım Makinaları'),
(525, 26, 'Yedek Parca-Yan Sanayi'),
(526, 26, 'Zırhlı Araç'),
(527, 26, 'Zincir- Halat'),
(528, 27, 'Baskı-Serigrafi'),
(529, 27, 'Fotoğraf ve Malzemeleri'),
(530, 27, 'Hediyelik Eşya'),
(531, 27, 'Oyuncak ve Oyun Aletleri'),
(532, 27, 'Promosyon Malzemeleri'),
(533, 28, 'Genel Plastik Sanayi'),
(534, 28, 'Kalıp Sanayi'),
(535, 28, 'Plastik Ambalaj'),
(536, 28, 'Plastik Boru- Hortum'),
(537, 28, 'Plastik Doğrama'),
(538, 28, 'Plastik Enjeksiyon'),
(539, 28, 'Plastik Eşya'),
(540, 28, 'Plastik Hammaddeler'),
(541, 28, 'Plastik Makinaları'),
(542, 28, 'Plastik Oyuncak'),
(543, 29, 'Açık Hava Reklamları'),
(544, 29, 'Baskı-Serigrafi'),
(545, 29, 'Bayrak'),
(546, 29, 'Dijital Baskı'),
(547, 29, 'Gazete Dergi Tv Reklamları'),
(548, 29, 'Hediyelik Eşya'),
(549, 29, 'Internet Reklamcılığı-Web'),
(550, 29, 'Organizasyon Halkla Ilişkiler'),
(551, 29, 'Promosyon Malzemeleri'),
(552, 29, 'Reklam Ajansları'),
(553, 29, 'Stand - Dekorasyon'),
(554, 30, 'Ağız ve Diş Sağlığı'),
(555, 30, 'Ambulans-Ilk Yardım'),
(556, 30, 'Anne ve Çocuk Sağlığı'),
(557, 30, 'Bebek Bakım Ürünleri'),
(558, 30, 'Bitkisel İlaçlar'),
(559, 30, 'Cerrahi Malzemeler'),
(560, 30, 'Cilt Bakım Ürünleri'),
(561, 30, 'Cinsellik Ürünleri'),
(562, 30, 'Devlet Hastaneleri'),
(563, 30, 'Diğer Sağlık Ürünleri'),
(564, 30, 'Dişçilik Malzemeleri'),
(565, 30, 'Diyet ve Sağlıklı Beslenme'),
(566, 30, 'Doktorlar'),
(567, 30, 'Ecza Depoları-Eczaneler'),
(568, 30, 'Göz Malzemeleri'),
(569, 30, 'Hasta-Sakat-Çocuk Arabaları'),
(570, 30, 'Hastahane Malzemeleri'),
(571, 30, 'Hayvan Ilaçları'),
(572, 30, 'Hayvan Sağlığı-Veterinerler'),
(573, 30, 'İlaç Sanayi'),
(574, 30, 'Kadın-Çocuk Pedleri'),
(575, 30, 'Kozmetik Parfümeri Şampuan'),
(576, 30, 'Kuaför-Güzellik Salonları'),
(577, 30, 'Lab. ve Test Kimyasalları'),
(578, 30, 'Laboratuvar Cihazları'),
(579, 30, 'Laboratuvar Malzemeleri'),
(580, 30, 'Ortopedik Malzeme'),
(581, 30, 'Otel ve Hastahane Mobilyaları'),
(582, 30, 'Özel Hastaneler'),
(583, 30, 'Saç Bakım (Ekim) Merkezleri'),
(584, 30, 'Sağlık Klinikleri'),
(585, 30, 'Spor Malzeme ve Aletleri'),
(586, 30, 'Temiz Oda'),
(587, 30, 'Tıbbi Cihaz'),
(588, 30, 'Tıbbi Kimyasallar'),
(589, 30, 'Tıbbi Malzeme'),
(590, 30, 'Tıbbi Tahlil Laboratuvarları'),
(591, 30, 'Vücut ve Cilt Bakımı'),
(592, 31, 'Antika - Mezat'),
(593, 31, 'Bilgisayar Oyunları'),
(594, 31, 'Çocuk Parkları'),
(595, 31, 'Eğlence-Gösteri Aletleri'),
(596, 31, 'Eğlence Merkezleri'),
(597, 31, 'El Sanatları'),
(598, 31, 'Festival ve Etkinlikler'),
(599, 31, 'Film-Video'),
(600, 31, 'Fotoğraf ve Malzemeleri'),
(601, 31, 'Işık ve Ses Sistemleri'),
(602, 31, 'Kaset-Plak'),
(603, 31, 'Müzeler'),
(604, 31, 'Müzik Aletleri'),
(605, 31, 'Organizasyon Halkla Ilişkiler'),
(606, 31, 'Radyo ve Televizyonlar'),
(607, 31, 'Resim - Çerçeve'),
(608, 31, 'Sanat Galerileri'),
(609, 31, 'Sanatçı Ajansları'),
(610, 31, 'Lokanta-Restoran'),
(611, 31, 'Cafe-Bar'),
(612, 32, 'Dernekler'),
(613, 32, 'İşçi Sendikaları'),
(614, 32, 'Meslek Örgütleri'),
(615, 32, 'Platform - Insiyatifler'),
(616, 32, 'Siyasi Partiler'),
(617, 32, 'Vakıflar'),
(618, 33, 'Avcılık'),
(619, 33, 'Çocuk Parkları'),
(620, 33, 'Diğer Spor Malzemeleri'),
(621, 33, 'Spor-Fitness Salonları'),
(622, 33, 'Spor Giysileri'),
(623, 33, 'Spor Malzeme ve Aletleri'),
(624, 33, 'Su Altı Çalışmaları'),
(625, 34, 'Altın Gümüş ve Takılar'),
(626, 34, 'Bijuiteri'),
(627, 34, 'Değerli Taşlar'),
(628, 34, 'İmitasyon'),
(629, 34, 'Kuyumcu Makina ve Malz.'),
(630, 34, 'Ramat Atelyeleri'),
(631, 35, 'Baharat ve Doğal Bitkiler'),
(632, 35, 'Balık ve Su Ürünleri'),
(633, 35, 'Besicilik - Damızlık'),
(634, 35, 'Civciv'),
(635, 35, 'Çay - Kahve'),
(636, 35, 'Çiçek Yetiştiriciler'),
(637, 35, 'Ev Hayvanları'),
(638, 35, 'Fındık-Fıstık-Ceviz'),
(639, 35, 'Fidancılık'),
(640, 35, 'Gübre ve Toprak'),
(641, 35, 'Haşhaş-Susam'),
(642, 35, 'Hayvan Ilaçları'),
(643, 35, 'Hayvan Sağlığı-Veterinerler'),
(644, 35, 'Mantar'),
(645, 35, 'Mercimek-Nohut'),
(646, 35, 'Narenciye'),
(647, 35, 'Organik Ürünler'),
(648, 35, 'Orman Ürünleri'),
(649, 35, 'Patates-Soğan-Sarımsak'),
(650, 35, 'Seracılık'),
(651, 35, 'Tahıllar'),
(652, 35, 'Tarım İlaçları'),
(653, 35, 'Tarım Makinaları'),
(654, 35, 'Tarım Ürünleri'),
(655, 35, 'Tavuk-Hindi-Devekuşu'),
(656, 35, 'Tohumculuk'),
(657, 35, 'Tütün-Sigara'),
(658, 35, 'Yaş Sebze ve Meyve'),
(659, 35, 'Yem Katkı Maddeleri'),
(660, 35, 'Yem Sanayi'),
(661, 35, 'Yumurta'),
(662, 35, 'Zeytin ve Zeytin Yağı'),
(663, 36, 'Ambar Sağlayıcılar'),
(664, 36, 'Antrepocular'),
(665, 36, 'Demiryolu Taşımacılık'),
(666, 36, 'Deniz Taşımacılık'),
(667, 36, 'Evden Eve Nakliyat'),
(668, 36, 'Fuar Logistik Hizmetleri'),
(669, 36, 'Gemi Tamir Bakım ve Servis Hizmetleri'),
(670, 36, 'Gümrük Müşavirlikleri'),
(671, 36, 'Havayolu Kargo'),
(672, 36, 'Kargo'),
(673, 36, 'Kasa Dorse İmalatı'),
(674, 36, 'Konteyner'),
(675, 36, 'Kontrol-Gözetim Hizmetleri'),
(676, 36, 'Kurye'),
(677, 36, 'Liman Hizmetleri'),
(678, 36, 'Parsiyel Yük Taşımacılığı'),
(679, 36, 'Personel Taşımacılığı'),
(680, 36, 'Posta Dağıtım'),
(681, 36, 'Şehirlerarası Yolcu Taşımacılığı'),
(682, 36, 'Uluslararası Taşımacılık'),
(683, 36, 'Yat ve Tekne Yapımı'),
(684, 36, 'Yükleme Boşaltma'),
(685, 37, 'Baskı-Serigrafi'),
(686, 37, 'Bayan Giyim'),
(687, 37, 'Çadır-Branda-Tente'),
(688, 37, 'Çocuk Giyim'),
(689, 37, 'Çorap'),
(690, 37, 'Dar Dokuma -Etiket'),
(691, 37, 'Diğer Tekstil Ürünleri'),
(692, 37, 'Dikiş Makinaları - Ütü'),
(693, 37, 'Dokuma Kumaş'),
(694, 37, 'Döşemelik-Perdelik'),
(695, 37, 'Düğme'),
(696, 37, 'Erkek Giyim'),
(697, 37, 'Ev Tekstili'),
(698, 37, 'Fermuar'),
(699, 37, 'Gelinlik-Nisanlık-Gece Elbiseleri'),
(700, 37, 'Gömlek-Kravat'),
(701, 37, 'Halı-Kilim-Battaniye'),
(702, 37, 'Ham Kumaş'),
(703, 37, 'Havlu Bornoz'),
(704, 37, 'Hazır Giyim'),
(705, 37, 'İç Giyim'),
(706, 37, 'İpek'),
(707, 37, 'İplik'),
(708, 37, 'İstifleme ve Raflama Sist.'),
(709, 37, 'İş Elbiseleri'),
(710, 37, 'Jeans'),
(711, 37, 'Keten İplik'),
(712, 37, 'Kırpıntı Kumaş'),
(713, 37, 'Kuru Temizleme'),
(714, 37, 'Manken Ajansları'),
(715, 37, 'Mayo'),
(716, 37, 'Moda Evleri'),
(717, 37, 'Mont-Kaban-Pardesü'),
(718, 37, 'Nakış'),
(719, 37, 'Naylon Iplik'),
(720, 37, 'Non-Woven Kumaş'),
(721, 37, 'Okul Elbise ve Çantası'),
(722, 37, 'Örme Kumaş'),
(723, 37, 'Pamuk'),
(724, 37, 'Pamuklu Kumaş'),
(725, 37, 'Pantalon'),
(726, 37, 'Sentetik Kumaş'),
(727, 37, 'Spor Giyim'),
(728, 37, 'Şemsiye'),
(729, 37, 'T-Shirt'),
(730, 37, 'Teknik Tekstil'),
(731, 37, 'Tekstil Aksesuar'),
(732, 37, 'Tekstil Ambalaj'),
(733, 37, 'Tekstil Boya Apre'),
(734, 37, 'Tekstil Kimyasalları'),
(735, 37, 'Tekstil Makinaları'),
(736, 37, 'Tekstil Tasarım'),
(737, 37, 'Triko'),
(738, 37, 'Vatka'),
(739, 37, 'Vitrin Mankeni'),
(740, 38, 'Cep Telefonu'),
(741, 38, 'Haberleşme Cihazları'),
(742, 38, 'Haberleşme Sistemleri'),
(743, 38, 'Network Donanım'),
(744, 38, 'Posta Dağıtım'),
(745, 38, 'Video Konferans Sistemleri'),
(746, 39, 'Alternatif Tatil'),
(747, 39, 'Gezi ve Turlar'),
(748, 39, 'Hava Yolları'),
(749, 39, 'Hotel-Motel'),
(750, 39, 'Kaplıcalar'),
(751, 39, 'Lokanta-Restorant-Bar'),
(752, 39, 'Marinalar'),
(753, 39, 'Otel Malzemeleri'),
(754, 39, 'Pansiyonlar'),
(755, 39, 'Rehberlik Hizmetleri'),
(756, 39, 'Rent a Car Firmaları'),
(757, 39, 'Şehirlerarası Yolcu Taşımacılığı'),
(758, 39, 'Tatil Köyleri'),
(759, 39, 'Turistik Eşya'),
(760, 39, 'Turizm-Hotel Yazılımları'),
(761, 39, 'Turizm Danışma Büroları'),
(762, 39, 'Turizm Seyehat Acentaları'),
(763, 39, 'Yatcılık'),
(764, 39, 'Yemek-Catering');

-- --------------------------------------------------------

--
-- Table structure for table `settings`
--

CREATE TABLE IF NOT EXISTS `settings` (
  `id` int(11) NOT NULL AUTO_INCREMENT,
  `home_page` int(11) NOT NULL,
  `template` varchar(50) NOT NULL,
  `sitename` varchar(250) NOT NULL,
  `email_address` varchar(200) NOT NULL,
  `password` text NOT NULL,
  PRIMARY KEY (`id`)
) ENGINE=MyISAM  DEFAULT CHARSET=latin1 AUTO_INCREMENT=2 ;

--
-- Dumping data for table `settings`
--

INSERT INTO `settings` (`id`, `home_page`, `template`, `sitename`, `email_address`, `password`) VALUES
(1, 27, 'plan', 'STNC CRM', 'test@test.com', '8cb2237d0679ca88db6464eac60da96345513964');

-- --------------------------------------------------------

--
-- Table structure for table `signature`
--

CREATE TABLE IF NOT EXISTS `signature` (
  `id` int(11) NOT NULL AUTO_INCREMENT COMMENT 'imza id',
  `personal_id` int(11) DEFAULT '0' COMMENT 'imza atan personel id',
  `signature_date` date DEFAULT '0000-00-00' COMMENT 'gun tarihi',
  `signature_time` time DEFAULT '00:00:00' COMMENT 'giriş imza atıldıgı andakı saaat bılgısı auto',
  `sign_ip_adress` varchar(51) COLLATE utf8_turkish_ci DEFAULT '' COMMENT 'giriş imzası atılan bilgisayar ip numarası',
  `explanation` varchar(255) COLLATE utf8_turkish_ci DEFAULT '' COMMENT 'mazaret bildirimi veya açıklama gerektiğinde',
  `today_report` text COLLATE utf8_turkish_ci COMMENT 'gune ait rapor neler yaptıgı ogun olanalara dair...',
  `signature_out_date` date DEFAULT '0000-00-00' COMMENT 'imza çıkış tarih',
  `signature_out_time` time DEFAULT '00:00:00' COMMENT 'imza çıkş saat',
  `sign_out_ip_adress` varchar(255) COLLATE utf8_turkish_ci DEFAULT '',
  `start_work_status` tinyint(3) DEFAULT '0' COMMENT 'bolum seflerine ait sabah imza atılmışmı?? onay sekmesi',
  `finish_work_status` tinyint(3) DEFAULT '0' COMMENT 'aksma cıkıs imzası atılmısmı?? bolum sefleri ne ait onay sekmesi.',
  `start_work_iptal____` time DEFAULT NULL COMMENT 'belirtlien geliş saati manual_burası varsayılan tanımlara gececek',
  `finish_work_iptal____` time DEFAULT NULL COMMENT 'belirtilen çıkış saaati manual_kurum_bilgilerinden gelecek',
  PRIMARY KEY (`id`)
) ENGINE=MyISAM  DEFAULT CHARSET=utf8 COLLATE=utf8_turkish_ci COMMENT='imza tablosu' AUTO_INCREMENT=4 ;

--
-- Dumping data for table `signature`
--

INSERT INTO `signature` (`id`, `personal_id`, `signature_date`, `signature_time`, `sign_ip_adress`, `explanation`, `today_report`, `signature_out_date`, `signature_out_time`, `sign_out_ip_adress`, `start_work_status`, `finish_work_status`, `start_work_iptal____`, `finish_work_iptal____`) VALUES
(1, 1, '2012-11-23', '14:12:20', '127.0.0.1', '4', NULL, '2012-11-23', '14:12:20', NULL, 0, 0, NULL, NULL),
(3, 1, '2012-11-23', '14:12:20', '', '', NULL, '2013-11-23', '15:12:20', '', 0, 0, NULL, NULL);

-- --------------------------------------------------------

--
-- Table structure for table `town`
--

CREATE TABLE IF NOT EXISTS `town` (
  `id` bigint(20) NOT NULL,
  `city_id` bigint(20) DEFAULT '0',
  `town_upper` varchar(50) COLLATE utf8_turkish_ci DEFAULT '',
  `town` varchar(50) COLLATE utf8_turkish_ci DEFAULT '',
  PRIMARY KEY (`id`)
) ENGINE=MyISAM DEFAULT CHARSET=utf8 COLLATE=utf8_turkish_ci;

--
-- Dumping data for table `town`
--

INSERT INTO `town` (`id`, `city_id`, `town_upper`, `town`) VALUES
(1, 1, 'SEYHAN', 'Seyhan'),
(2, 1, 'YÜREĞİR', 'Yüreğir'),
(3, 1, 'SARIÇAM', 'Sarıçam'),
(4, 1, 'ÇUKUROVA', 'Çukurova'),
(5, 1, 'ALADAĞ(KARSANTI)', 'Aladağ(Karsantı)'),
(6, 1, 'CEYHAN', 'Ceyhan'),
(7, 1, 'FEKE', 'Feke'),
(8, 1, 'İMAMOĞLU', 'İmamoğlu'),
(9, 1, 'KARAİSALI', 'Karaisalı'),
(10, 1, 'KARATAŞ', 'Karataş'),
(11, 1, 'KOZAN', 'Kozan'),
(12, 1, 'POZANTI', 'Pozantı'),
(13, 1, 'SAİMBEYLİ', 'Saimbeyli'),
(14, 1, 'TUFANBEYLİ', 'Tufanbeyli'),
(15, 1, 'YUMURTALIK', 'Yumurtalık'),
(16, 2, 'ADIYAMAN', 'Adıyaman'),
(17, 2, 'BESNİ', 'Besni'),
(18, 2, 'ÇELİKHAN', 'Çelikhan'),
(19, 2, 'GERGER', 'Gerger'),
(20, 2, 'GÖLBAŞI', 'Gölbaşı'),
(21, 2, 'KAHTA', 'Kahta'),
(22, 2, 'SAMSAT', 'Samsat'),
(23, 2, 'SİNCİK', 'Sincik'),
(24, 2, 'TUT', 'Tut'),
(25, 3, 'AFYONKARAHİSAR', 'Afyonkarahisar'),
(26, 3, 'BAŞMAKÇI', 'Başmakçı'),
(27, 3, 'BAYAT', 'Bayat'),
(28, 3, 'BOLVADİN', 'Bolvadin'),
(29, 3, 'ÇAY', 'Çay'),
(30, 3, 'ÇOBANLAR', 'Çobanlar'),
(31, 3, 'DAZKIRI', 'Dazkırı'),
(32, 3, 'DİNAR', 'Dinar'),
(33, 3, 'EMİRDAĞ', 'Emirdağ'),
(34, 3, 'EVCİLER', 'Evciler'),
(35, 3, 'HOCALAR', 'Hocalar'),
(36, 3, 'İHSANİYE', 'İhsaniye'),
(37, 3, 'İSCEHİSAR', 'İscehisar'),
(38, 3, 'KIZILÖREN', 'Kızılören'),
(39, 3, 'SANDIKLI', 'Sandıklı'),
(40, 3, 'SİNCANLI(SİNANPAŞA)', 'Sincanlı(Sinanpaşa)'),
(41, 3, 'SULTANDAĞI', 'Sultandağı'),
(42, 3, 'ŞUHUT', 'Şuhut'),
(43, 4, 'AĞRI', 'Ağrı'),
(44, 4, 'DİYADİN', 'Diyadin'),
(45, 4, 'DOĞUBEYAZIT', 'Doğubeyazıt'),
(46, 4, 'ELEŞKİRT', 'Eleşkirt'),
(47, 4, 'HAMUR', 'Hamur'),
(48, 4, 'PATNOS', 'Patnos'),
(49, 4, 'TAŞLIÇAY', 'Taşlıçay'),
(50, 4, 'TUTAK', 'Tutak'),
(51, 5, 'AMASYA', 'Amasya'),
(52, 5, 'GÖYNÜCEK', 'Göynücek'),
(53, 5, 'GÜMÜŞHACIKÖY', 'Gümüşhacıköy'),
(54, 5, 'HAMAMÖZÜ', 'Hamamözü'),
(55, 5, 'MERZİFON', 'Merzifon'),
(56, 5, 'SULUOVA', 'Suluova'),
(57, 5, 'TAŞOVA', 'Taşova'),
(58, 6, 'ALTINDAĞ', 'Altındağ'),
(59, 6, 'ÇANKAYA', 'Çankaya'),
(60, 6, 'ETİMESGUT', 'Etimesgut'),
(61, 6, 'KEÇİÖREN', 'Keçiören'),
(62, 6, 'MAMAK', 'Mamak'),
(63, 6, 'SİNCAN', 'Sincan'),
(64, 6, 'YENİMAHALLE', 'Yenimahalle'),
(65, 6, 'GÖLBAŞI', 'Gölbaşı'),
(66, 6, 'PURSAKLAR', 'Pursaklar'),
(67, 6, 'AKYURT', 'Akyurt'),
(68, 6, 'AYAŞ', 'Ayaş'),
(69, 6, 'BALA', 'Bala'),
(70, 6, 'BEYPAZARI', 'Beypazarı'),
(71, 6, 'ÇAMLIDERE', 'Çamlıdere'),
(72, 6, 'ÇUBUK', 'Çubuk'),
(73, 6, 'ELMADAĞ', 'Elmadağ'),
(74, 6, 'EVREN', 'Evren'),
(75, 6, 'GÜDÜL', 'Güdül'),
(76, 6, 'HAYMANA', 'Haymana'),
(77, 6, 'KALECİK', 'Kalecik'),
(78, 6, 'KAZAN', 'Kazan'),
(79, 6, 'KIZILCAHAMAM', 'Kızılcahamam'),
(80, 6, 'NALLIHAN', 'Nallıhan'),
(81, 6, 'POLATLI', 'Polatlı'),
(82, 6, 'ŞEREFLİKOÇHİSAR', 'Şereflikoçhisar'),
(83, 7, 'MURATPAŞA', 'Muratpaşa'),
(84, 7, 'KEPEZ', 'Kepez'),
(85, 7, 'KONYAALTI', 'Konyaaltı'),
(86, 7, 'AKSU', 'Aksu'),
(87, 7, 'DÖŞEMEALTI', 'Döşemealtı'),
(88, 7, 'AKSEKİ', 'Akseki'),
(89, 7, 'ALANYA', 'Alanya'),
(90, 7, 'ELMALI', 'Elmalı'),
(91, 7, 'FİNİKE', 'Finike'),
(92, 7, 'GAZİPAŞA', 'Gazipaşa'),
(93, 7, 'GÜNDOĞMUŞ', 'Gündoğmuş'),
(94, 7, 'İBRADI(AYDINKENT)', 'İbradı(Aydınkent)'),
(95, 7, 'KALE(DEMRE)', 'Kale(Demre)'),
(96, 7, 'KAŞ', 'Kaş'),
(97, 7, 'KEMER', 'Kemer'),
(98, 7, 'KORKUTELİ', 'Korkuteli'),
(99, 7, 'KUMLUCA', 'Kumluca'),
(100, 7, 'MANAVGAT', 'Manavgat'),
(101, 7, 'SERİK', 'Serik'),
(102, 8, 'ARTVİN', 'Artvin'),
(103, 8, 'ARDANUÇ', 'Ardanuç'),
(104, 8, 'ARHAVİ', 'Arhavi'),
(105, 8, 'BORÇKA', 'Borçka'),
(106, 8, 'HOPA', 'Hopa'),
(107, 8, 'MURGUL(GÖKTAŞ)', 'Murgul(Göktaş)'),
(108, 8, 'ŞAVŞAT', 'Şavşat'),
(109, 8, 'YUSUFELİ', 'Yusufeli'),
(110, 9, 'AYDIN', 'Aydın'),
(111, 9, 'BOZDOĞAN', 'Bozdoğan'),
(112, 9, 'BUHARKENT(ÇUBUKDAĞI)', 'Buharkent(Çubukdağı)'),
(113, 9, 'ÇİNE', 'Çine'),
(114, 9, 'GERMENCİK', 'Germencik'),
(115, 9, 'İNCİRLİOVA', 'İncirliova'),
(116, 9, 'KARACASU', 'Karacasu'),
(117, 9, 'KARPUZLU', 'Karpuzlu'),
(118, 9, 'KOÇARLI', 'Koçarlı'),
(119, 9, 'KÖŞK', 'Köşk'),
(120, 9, 'KUŞADASI', 'Kuşadası'),
(121, 9, 'KUYUCAK', 'Kuyucak'),
(122, 9, 'NAZİLLİ', 'Nazilli'),
(123, 9, 'SÖKE', 'Söke'),
(124, 9, 'SULTANHİSAR', 'Sultanhisar'),
(125, 9, 'DİDİM(YENİHİSAR)', 'Didim(Yenihisar)'),
(126, 9, 'YENİPAZAR', 'Yenipazar'),
(127, 10, 'BALIKESİR', 'Balıkesir'),
(128, 10, 'AYVALIK', 'Ayvalık'),
(129, 10, 'BALYA', 'Balya'),
(130, 10, 'BANDIRMA', 'Bandırma'),
(131, 10, 'BİGADİÇ', 'Bigadiç'),
(132, 10, 'BURHANİYE', 'Burhaniye'),
(133, 10, 'DURSUNBEY', 'Dursunbey'),
(134, 10, 'EDREMİT', 'Edremit'),
(135, 10, 'ERDEK', 'Erdek'),
(136, 10, 'GÖMEÇ', 'Gömeç'),
(137, 10, 'GÖNEN', 'Gönen'),
(138, 10, 'HAVRAN', 'Havran'),
(139, 10, 'İVRİNDİ', 'İvrindi'),
(140, 10, 'KEPSUT', 'Kepsut'),
(141, 10, 'MANYAS', 'Manyas'),
(142, 10, 'MARMARA', 'Marmara'),
(143, 10, 'SAVAŞTEPE', 'Savaştepe'),
(144, 10, 'SINDIRGI', 'Sındırgı'),
(145, 10, 'SUSURLUK', 'Susurluk'),
(146, 11, 'BİLECİK', 'Bilecik'),
(147, 11, 'BOZÜYÜK', 'Bozüyük'),
(148, 11, 'GÖLPAZARI', 'Gölpazarı'),
(149, 11, 'İNHİSAR', 'İnhisar'),
(150, 11, 'OSMANELİ', 'Osmaneli'),
(151, 11, 'PAZARYERİ', 'Pazaryeri'),
(152, 11, 'SÖĞÜT', 'Söğüt'),
(153, 11, 'YENİPAZAR', 'Yenipazar'),
(154, 12, 'BİNGÖL', 'Bingöl'),
(155, 12, 'ADAKLI', 'Adaklı'),
(156, 12, 'GENÇ', 'Genç'),
(157, 12, 'KARLIOVA', 'Karlıova'),
(158, 12, 'KIĞI', 'Kığı'),
(159, 12, 'SOLHAN', 'Solhan'),
(160, 12, 'YAYLADERE', 'Yayladere'),
(161, 12, 'YEDİSU', 'Yedisu'),
(162, 13, 'BİTLİS', 'Bitlis'),
(163, 13, 'ADİLCEVAZ', 'Adilcevaz'),
(164, 13, 'AHLAT', 'Ahlat'),
(165, 13, 'GÜROYMAK', 'Güroymak'),
(166, 13, 'HİZAN', 'Hizan'),
(167, 13, 'MUTKİ', 'Mutki'),
(168, 13, 'TATVAN', 'Tatvan'),
(169, 14, 'BOLU', 'Bolu'),
(170, 14, 'DÖRTDİVAN', 'Dörtdivan'),
(171, 14, 'GEREDE', 'Gerede'),
(172, 14, 'GÖYNÜK', 'Göynük'),
(173, 14, 'KIBRISCIK', 'Kıbrıscık'),
(174, 14, 'MENGEN', 'Mengen'),
(175, 14, 'MUDURNU', 'Mudurnu'),
(176, 14, 'SEBEN', 'Seben'),
(177, 14, 'YENİÇAĞA', 'Yeniçağa'),
(178, 15, 'BURDUR', 'Burdur'),
(179, 15, 'AĞLASUN', 'Ağlasun'),
(180, 15, 'ALTINYAYLA(DİRMİL)', 'Altınyayla(Dirmil)'),
(181, 15, 'BUCAK', 'Bucak'),
(182, 15, 'ÇAVDIR', 'Çavdır'),
(183, 15, 'ÇELTİKÇİ', 'Çeltikçi'),
(184, 15, 'GÖLHİSAR', 'Gölhisar'),
(185, 15, 'KARAMANLI', 'Karamanlı'),
(186, 15, 'KEMER', 'Kemer'),
(187, 15, 'TEFENNİ', 'Tefenni'),
(188, 15, 'YEŞİLOVA', 'Yeşilova'),
(189, 16, 'NİLÜFER', 'Nilüfer'),
(190, 16, 'OSMANGAZİ', 'Osmangazi'),
(191, 16, 'YILDIRIM', 'Yıldırım'),
(192, 16, 'BÜYÜKORHAN', 'Büyükorhan'),
(193, 16, 'GEMLİK', 'Gemlik'),
(194, 16, 'GÜRSU', 'Gürsu'),
(195, 16, 'HARMANCIK', 'Harmancık'),
(196, 16, 'İNEGÖL', 'İnegöl'),
(197, 16, 'İZNİK', 'İznik'),
(198, 16, 'KARACABEY', 'Karacabey'),
(199, 16, 'KELES', 'Keles'),
(200, 16, 'KESTEL', 'Kestel'),
(201, 16, 'MUDANYA', 'Mudanya'),
(202, 16, 'MUSTAFAKEMALPAŞA', 'Mustafakemalpaşa'),
(203, 16, 'ORHANELİ', 'Orhaneli'),
(204, 16, 'ORHANGAZİ', 'Orhangazi'),
(205, 16, 'YENİŞEHİR', 'Yenişehir'),
(206, 17, 'ÇANAKKALE', 'Çanakkale'),
(207, 17, 'AYVACIK', 'Ayvacık'),
(208, 17, 'BAYRAMİÇ', 'Bayramiç'),
(209, 17, 'BİGA', 'Biga'),
(210, 17, 'BOZCAADA', 'Bozcaada'),
(211, 17, 'ÇAN', 'Çan'),
(212, 17, 'ECEABAT', 'Eceabat'),
(213, 17, 'EZİNE', 'Ezine'),
(214, 17, 'GELİBOLU', 'Gelibolu'),
(215, 17, 'GÖKÇEADA(İMROZ)', 'Gökçeada(İmroz)'),
(216, 17, 'LAPSEKİ', 'Lapseki'),
(217, 17, 'YENİCE', 'Yenice'),
(218, 18, 'ÇANKIRI', 'Çankırı'),
(219, 18, 'ATKARACALAR', 'Atkaracalar'),
(220, 18, 'BAYRAMÖREN', 'Bayramören'),
(221, 18, 'ÇERKEŞ', 'Çerkeş'),
(222, 18, 'ELDİVAN', 'Eldivan'),
(223, 18, 'ILGAZ', 'Ilgaz'),
(224, 18, 'KIZILIRMAK', 'Kızılırmak'),
(225, 18, 'KORGUN', 'Korgun'),
(226, 18, 'KURŞUNLU', 'Kurşunlu'),
(227, 18, 'ORTA', 'Orta'),
(228, 18, 'ŞABANÖZÜ', 'Şabanözü'),
(229, 18, 'YAPRAKLI', 'Yapraklı'),
(230, 19, 'ÇORUM', 'Çorum'),
(231, 19, 'ALACA', 'Alaca'),
(232, 19, 'BAYAT', 'Bayat'),
(233, 19, 'BOĞAZKALE', 'Boğazkale'),
(234, 19, 'DODURGA', 'Dodurga'),
(235, 19, 'İSKİLİP', 'İskilip'),
(236, 19, 'KARGI', 'Kargı'),
(237, 19, 'LAÇİN', 'Laçin'),
(238, 19, 'MECİTÖZÜ', 'Mecitözü'),
(239, 19, 'OĞUZLAR(KARAÖREN)', 'Oğuzlar(Karaören)'),
(240, 19, 'ORTAKÖY', 'Ortaköy'),
(241, 19, 'OSMANCIK', 'Osmancık'),
(242, 19, 'SUNGURLU', 'Sungurlu'),
(243, 19, 'UĞURLUDAĞ', 'Uğurludağ'),
(244, 20, 'DENİZLİ', 'Denizli'),
(245, 20, 'ACIPAYAM', 'Acıpayam'),
(246, 20, 'AKKÖY', 'Akköy'),
(247, 20, 'BABADAĞ', 'Babadağ'),
(248, 20, 'BAKLAN', 'Baklan'),
(249, 20, 'BEKİLLİ', 'Bekilli'),
(250, 20, 'BEYAĞAÇ', 'Beyağaç'),
(251, 20, 'BOZKURT', 'Bozkurt'),
(252, 20, 'BULDAN', 'Buldan'),
(253, 20, 'ÇAL', 'Çal'),
(254, 20, 'ÇAMELİ', 'Çameli'),
(255, 20, 'ÇARDAK', 'Çardak'),
(256, 20, 'ÇİVRİL', 'Çivril'),
(257, 20, 'GÜNEY', 'Güney'),
(258, 20, 'HONAZ', 'Honaz'),
(259, 20, 'KALE', 'Kale'),
(260, 20, 'SARAYKÖY', 'Sarayköy'),
(261, 20, 'SERİNHİSAR', 'Serinhisar'),
(262, 20, 'TAVAS', 'Tavas'),
(263, 21, 'SUR', 'Sur'),
(264, 21, 'BAĞLAR', 'Bağlar'),
(265, 21, 'YENİŞEHİR', 'Yenişehir'),
(266, 21, 'KAYAPINAR', 'Kayapınar'),
(267, 21, 'BİSMİL', 'Bismil'),
(268, 21, 'ÇERMİK', 'Çermik'),
(269, 21, 'ÇINAR', 'Çınar'),
(270, 21, 'ÇÜNGÜŞ', 'Çüngüş'),
(271, 21, 'DİCLE', 'Dicle'),
(272, 21, 'EĞİL', 'Eğil'),
(273, 21, 'ERGANİ', 'Ergani'),
(274, 21, 'HANİ', 'Hani'),
(275, 21, 'HAZRO', 'Hazro'),
(276, 21, 'KOCAKÖY', 'Kocaköy'),
(277, 21, 'KULP', 'Kulp'),
(278, 21, 'LİCE', 'Lice'),
(279, 21, 'SİLVAN', 'Silvan'),
(280, 22, 'EDİRNE', 'Edirne'),
(281, 22, 'ENEZ', 'Enez'),
(282, 22, 'HAVSA', 'Havsa'),
(283, 22, 'İPSALA', 'İpsala'),
(284, 22, 'KEŞAN', 'Keşan'),
(285, 22, 'LALAPAŞA', 'Lalapaşa'),
(286, 22, 'MERİÇ', 'Meriç'),
(287, 22, 'SÜLEOĞLU(SÜLOĞLU)', 'Süleoğlu(Süloğlu)'),
(288, 22, 'UZUNKÖPRÜ', 'Uzunköprü'),
(289, 23, 'ELAZIĞ', 'Elazığ'),
(290, 23, 'AĞIN', 'Ağın'),
(291, 23, 'ALACAKAYA', 'Alacakaya'),
(292, 23, 'ARICAK', 'Arıcak'),
(293, 23, 'BASKİL', 'Baskil'),
(294, 23, 'KARAKOÇAN', 'Karakoçan'),
(295, 23, 'KEBAN', 'Keban'),
(296, 23, 'KOVANCILAR', 'Kovancılar'),
(297, 23, 'MADEN', 'Maden'),
(298, 23, 'PALU', 'Palu'),
(299, 23, 'SİVRİCE', 'Sivrice'),
(300, 24, 'ERZİNCAN', 'Erzincan'),
(301, 24, 'ÇAYIRLI', 'Çayırlı'),
(302, 24, 'İLİÇ(ILIÇ)', 'İliç(Ilıç)'),
(303, 24, 'KEMAH', 'Kemah'),
(304, 24, 'KEMALİYE', 'Kemaliye'),
(305, 24, 'OTLUKBELİ', 'Otlukbeli'),
(306, 24, 'REFAHİYE', 'Refahiye'),
(307, 24, 'TERCAN', 'Tercan'),
(308, 24, 'ÜZÜMLÜ', 'Üzümlü'),
(309, 25, 'PALANDÖKEN', 'Palandöken'),
(310, 25, 'YAKUTİYE', 'Yakutiye'),
(311, 25, 'AZİZİYE(ILICA)', 'Aziziye(Ilıca)'),
(312, 25, 'AŞKALE', 'Aşkale'),
(313, 25, 'ÇAT', 'Çat'),
(314, 25, 'HINIS', 'Hınıs'),
(315, 25, 'HORASAN', 'Horasan'),
(316, 25, 'İSPİR', 'İspir'),
(317, 25, 'KARAÇOBAN', 'Karaçoban'),
(318, 25, 'KARAYAZI', 'Karayazı'),
(319, 25, 'KÖPRÜKÖY', 'Köprüköy'),
(320, 25, 'NARMAN', 'Narman'),
(321, 25, 'OLTU', 'Oltu'),
(322, 25, 'OLUR', 'Olur'),
(323, 25, 'PASİNLER', 'Pasinler'),
(324, 25, 'PAZARYOLU', 'Pazaryolu'),
(325, 25, 'ŞENKAYA', 'Şenkaya'),
(326, 25, 'TEKMAN', 'Tekman'),
(327, 25, 'TORTUM', 'Tortum'),
(328, 25, 'UZUNDERE', 'Uzundere'),
(329, 26, 'ODUNPAZARI', 'Odunpazarı'),
(330, 26, 'TEPEBAŞI', 'Tepebaşı'),
(331, 26, 'ALPU', 'Alpu'),
(332, 26, 'BEYLİKOVA', 'Beylikova'),
(333, 26, 'ÇİFTELER', 'Çifteler'),
(334, 26, 'GÜNYÜZÜ', 'Günyüzü'),
(335, 26, 'HAN', 'Han'),
(336, 26, 'İNÖNÜ', 'İnönü'),
(337, 26, 'MAHMUDİYE', 'Mahmudiye'),
(338, 26, 'MİHALGAZİ', 'Mihalgazi'),
(339, 26, 'MİHALIÇCIK', 'Mihalıçcık'),
(340, 26, 'SARICAKAYA', 'Sarıcakaya'),
(341, 26, 'SEYİTGAZİ', 'Seyitgazi'),
(342, 26, 'SİVRİHİSAR', 'Sivrihisar'),
(343, 27, 'ŞAHİNBEY', 'Şahinbey'),
(344, 27, 'ŞEHİTKAMİL', 'Şehitkamil'),
(345, 27, 'OĞUZELİ', 'Oğuzeli'),
(346, 27, 'ARABAN', 'Araban'),
(347, 27, 'İSLAHİYE', 'İslahiye'),
(348, 27, 'KARKAMIŞ', 'Karkamış'),
(349, 27, 'NİZİP', 'Nizip'),
(350, 27, 'NURDAĞI', 'Nurdağı'),
(351, 27, 'YAVUZELİ', 'Yavuzeli'),
(352, 28, 'GİRESUN', 'Giresun'),
(353, 28, 'ALUCRA', 'Alucra'),
(354, 28, 'BULANCAK', 'Bulancak'),
(355, 28, 'ÇAMOLUK', 'Çamoluk'),
(356, 28, 'ÇANAKÇI', 'Çanakçı'),
(357, 28, 'DERELİ', 'Dereli'),
(358, 28, 'DOĞANKENT', 'Doğankent'),
(359, 28, 'ESPİYE', 'Espiye'),
(360, 28, 'EYNESİL', 'Eynesil'),
(361, 28, 'GÖRELE', 'Görele'),
(362, 28, 'GÜCE', 'Güce'),
(363, 28, 'KEŞAP', 'Keşap'),
(364, 28, 'PİRAZİZ', 'Piraziz'),
(365, 28, 'ŞEBİNKARAHİSAR', 'Şebinkarahisar'),
(366, 28, 'TİREBOLU', 'Tirebolu'),
(367, 28, 'YAĞLIDERE', 'Yağlıdere'),
(368, 29, 'GÜMÜŞHANE', 'Gümüşhane'),
(369, 29, 'KELKİT', 'Kelkit'),
(370, 29, 'KÖSE', 'Köse'),
(371, 29, 'KÜRTÜN', 'Kürtün'),
(372, 29, 'ŞİRAN', 'Şiran'),
(373, 29, 'TORUL', 'Torul'),
(374, 30, 'HAKKARİ', 'Hakkari'),
(375, 30, 'ÇUKURCA', 'Çukurca'),
(376, 30, 'ŞEMDİNLİ', 'Şemdinli'),
(377, 30, 'YÜKSEKOVA', 'Yüksekova'),
(378, 31, 'ANTAKYA', 'Antakya'),
(379, 31, 'ALTINÖZÜ', 'Altınözü'),
(380, 31, 'BELEN', 'Belen'),
(381, 31, 'DÖRTYOL', 'Dörtyol'),
(382, 31, 'ERZİN', 'Erzin'),
(383, 31, 'HASSA', 'Hassa'),
(384, 31, 'İSKENDERUN', 'İskenderun'),
(385, 31, 'KIRIKHAN', 'Kırıkhan'),
(386, 31, 'KUMLU', 'Kumlu'),
(387, 31, 'REYHANLI', 'Reyhanlı'),
(388, 31, 'SAMANDAĞ', 'Samandağ'),
(389, 31, 'YAYLADAĞI', 'Yayladağı'),
(390, 32, 'ISPARTA', 'Isparta'),
(391, 32, 'AKSU', 'Aksu'),
(392, 32, 'ATABEY', 'Atabey'),
(393, 32, 'EĞRİDİR(EĞİRDİR)', 'Eğridir(Eğirdir)'),
(394, 32, 'GELENDOST', 'Gelendost'),
(395, 32, 'GÖNEN', 'Gönen'),
(396, 32, 'KEÇİBORLU', 'Keçiborlu'),
(397, 32, 'SENİRKENT', 'Senirkent'),
(398, 32, 'SÜTÇÜLER', 'Sütçüler'),
(399, 32, 'ŞARKİKARAAĞAÇ', 'Şarkikaraağaç'),
(400, 32, 'ULUBORLU', 'Uluborlu'),
(401, 32, 'YALVAÇ', 'Yalvaç'),
(402, 32, 'YENİŞARBADEMLİ', 'Yenişarbademli'),
(403, 33, 'AKDENİZ', 'Akdeniz'),
(404, 33, 'YENİŞEHİR', 'Yenişehir'),
(405, 33, 'TOROSLAR', 'Toroslar'),
(406, 33, 'MEZİTLİ', 'Mezitli'),
(407, 33, 'ANAMUR', 'Anamur'),
(408, 33, 'AYDINCIK', 'Aydıncık'),
(409, 33, 'BOZYAZI', 'Bozyazı'),
(410, 33, 'ÇAMLIYAYLA', 'Çamlıyayla'),
(411, 33, 'ERDEMLİ', 'Erdemli'),
(412, 33, 'GÜLNAR(GÜLPINAR)', 'Gülnar(Gülpınar)'),
(413, 33, 'MUT', 'Mut'),
(414, 33, 'SİLİFKE', 'Silifke'),
(415, 33, 'TARSUS', 'Tarsus'),
(416, 34, 'BAKIRKÖY', 'Bakırköy'),
(417, 34, 'BAYRAMPAŞA', 'Bayrampaşa'),
(418, 34, 'BEŞİKTAŞ', 'Beşiktaş'),
(419, 34, 'BEYOĞLU', 'Beyoğlu'),
(420, 34, 'ARNAVUTKÖY', 'Arnavutköy'),
(421, 34, 'EYÜP', 'Eyüp'),
(422, 34, 'FATİH', 'Fatih'),
(423, 34, 'GAZİOSMANPAŞA', 'Gaziosmanpaşa'),
(424, 34, 'KAĞITHANE', 'Kağıthane'),
(425, 34, 'KÜÇÜKÇEKMECE', 'Küçükçekmece'),
(426, 34, 'SARIYER', 'Sarıyer'),
(427, 34, 'ŞİŞLİ', 'Şişli'),
(428, 34, 'ZEYTİNBURNU', 'Zeytinburnu'),
(429, 34, 'AVCILAR', 'Avcılar'),
(430, 34, 'GÜNGÖREN', 'Güngören'),
(431, 34, 'BAHÇELİEVLER', 'Bahçelievler'),
(432, 34, 'BAĞCILAR', 'Bağcılar'),
(433, 34, 'ESENLER', 'Esenler'),
(434, 34, 'BAŞAKŞEHİR', 'Başakşehir'),
(435, 34, 'BEYLİKDÜZÜ', 'Beylikdüzü'),
(436, 34, 'ESENYURT', 'Esenyurt'),
(437, 34, 'SULTANGAZİ', 'Sultangazi'),
(438, 34, 'ADALAR', 'Adalar'),
(439, 34, 'BEYKOZ', 'Beykoz'),
(440, 34, 'KADIKÖY', 'Kadıköy'),
(441, 34, 'KARTAL', 'Kartal'),
(442, 34, 'PENDİK', 'Pendik'),
(443, 34, 'ÜMRANİYE', 'Ümraniye'),
(444, 34, 'ÜSKÜDAR', 'Üsküdar'),
(445, 34, 'TUZLA', 'Tuzla'),
(446, 34, 'MALTEPE', 'Maltepe'),
(447, 34, 'ATAŞEHİR', 'Ataşehir'),
(448, 34, 'ÇEKMEKÖY', 'Çekmeköy'),
(449, 34, 'SANCAKTEPE', 'Sancaktepe'),
(450, 34, 'BÜYÜKÇEKMECE', 'Büyükçekmece'),
(451, 34, 'ÇATALCA', 'Çatalca'),
(452, 34, 'SİLİVRİ', 'Silivri'),
(453, 34, 'ŞİLE', 'Şile'),
(454, 34, 'SULTANBEYLİ', 'Sultanbeyli'),
(455, 35, 'ALİAĞA', 'Aliağa'),
(456, 35, 'BALÇOVA', 'Balçova'),
(457, 35, 'BAYINDIR', 'Bayındır'),
(458, 35, 'BORNOVA', 'Bornova'),
(459, 35, 'BUCA', 'Buca'),
(460, 35, 'ÇİĞLİ', 'Çiğli'),
(461, 35, 'FOÇA', 'Foça'),
(462, 35, 'GAZİEMİR', 'Gaziemir'),
(463, 35, 'GÜZELBAHÇE', 'Güzelbahçe'),
(464, 35, 'KARŞIYAKA', 'Karşıyaka'),
(465, 35, 'KEMALPAŞA', 'Kemalpaşa'),
(466, 35, 'KONAK', 'Konak'),
(467, 35, 'CUMAOVASI(MENDERES)', 'Cumaovası(Menderes)'),
(468, 35, 'MENEMEN', 'Menemen'),
(469, 35, 'NARLIDERE', 'Narlıdere'),
(470, 35, 'SEFERİHİSAR', 'Seferihisar'),
(471, 35, 'SELÇUK', 'Selçuk'),
(472, 35, 'TORBALI', 'Torbalı'),
(473, 35, 'URLA', 'Urla'),
(474, 35, 'BAYRAKLI', 'Bayraklı'),
(475, 35, 'KARABAĞLAR', 'Karabağlar'),
(476, 35, 'BERGAMA', 'Bergama'),
(477, 35, 'BEYDAĞ', 'Beydağ'),
(478, 35, 'ÇEŞME', 'Çeşme'),
(479, 35, 'DİKİLİ', 'Dikili'),
(480, 35, 'KARABURUN', 'Karaburun'),
(481, 35, 'KINIK', 'Kınık'),
(482, 35, 'KİRAZ', 'Kiraz'),
(483, 35, 'ÖDEMİŞ', 'Ödemiş'),
(484, 35, 'TİRE', 'Tire'),
(485, 36, 'KARS', 'Kars'),
(486, 36, 'AKYAKA', 'Akyaka'),
(487, 36, 'ARPAÇAY', 'Arpaçay'),
(488, 36, 'DİGOR', 'Digor'),
(489, 36, 'KAĞIZMAN', 'Kağızman'),
(490, 36, 'SARIKAMIŞ', 'Sarıkamış'),
(491, 36, 'SELİM', 'Selim'),
(492, 36, 'SUSUZ', 'Susuz'),
(493, 37, 'KASTAMONU', 'Kastamonu'),
(494, 37, 'ABANA', 'Abana'),
(495, 37, 'AĞLI', 'Ağlı'),
(496, 37, 'ARAÇ', 'Araç'),
(497, 37, 'AZDAVAY', 'Azdavay'),
(498, 37, 'BOZKURT', 'Bozkurt'),
(499, 37, 'CİDE', 'Cide'),
(500, 37, 'ÇATALZEYTİN', 'Çatalzeytin'),
(501, 37, 'DADAY', 'Daday'),
(502, 37, 'DEVREKANİ', 'Devrekani'),
(503, 37, 'DOĞANYURT', 'Doğanyurt'),
(504, 37, 'HANÖNÜ(GÖKÇEAĞAÇ)', 'Hanönü(Gökçeağaç)'),
(505, 37, 'İHSANGAZİ', 'İhsangazi'),
(506, 37, 'İNEBOLU', 'İnebolu'),
(507, 37, 'KÜRE', 'Küre'),
(508, 37, 'PINARBAŞI', 'Pınarbaşı'),
(509, 37, 'SEYDİLER', 'Seydiler'),
(510, 37, 'ŞENPAZAR', 'Şenpazar'),
(511, 37, 'TAŞKÖPRÜ', 'Taşköprü'),
(512, 37, 'TOSYA', 'Tosya'),
(513, 38, 'KOCASİNAN', 'Kocasinan'),
(514, 38, 'MELİKGAZİ', 'Melikgazi'),
(515, 38, 'TALAS', 'Talas'),
(516, 38, 'AKKIŞLA', 'Akkışla'),
(517, 38, 'BÜNYAN', 'Bünyan'),
(518, 38, 'DEVELİ', 'Develi'),
(519, 38, 'FELAHİYE', 'Felahiye'),
(520, 38, 'HACILAR', 'Hacılar'),
(521, 38, 'İNCESU', 'İncesu'),
(522, 38, 'ÖZVATAN(ÇUKUR)', 'Özvatan(Çukur)'),
(523, 38, 'PINARBAŞI', 'Pınarbaşı'),
(524, 38, 'SARIOĞLAN', 'Sarıoğlan'),
(525, 38, 'SARIZ', 'Sarız'),
(526, 38, 'TOMARZA', 'Tomarza'),
(527, 38, 'YAHYALI', 'Yahyalı'),
(528, 38, 'YEŞİLHİSAR', 'Yeşilhisar'),
(529, 39, 'KIRKLARELİ', 'Kırklareli'),
(530, 39, 'BABAESKİ', 'Babaeski'),
(531, 39, 'DEMİRKÖY', 'Demirköy'),
(532, 39, 'KOFÇAZ', 'Kofçaz'),
(533, 39, 'LÜLEBURGAZ', 'Lüleburgaz'),
(534, 39, 'PEHLİVANKÖY', 'Pehlivanköy'),
(535, 39, 'PINARHİSAR', 'Pınarhisar'),
(536, 39, 'VİZE', 'Vize'),
(537, 40, 'KIRŞEHİR', 'Kırşehir'),
(538, 40, 'AKÇAKENT', 'Akçakent'),
(539, 40, 'AKPINAR', 'Akpınar'),
(540, 40, 'BOZTEPE', 'Boztepe'),
(541, 40, 'ÇİÇEKDAĞI', 'Çiçekdağı'),
(542, 40, 'KAMAN', 'Kaman'),
(543, 40, 'MUCUR', 'Mucur'),
(544, 41, 'İZMİT', 'İzmit'),
(545, 41, 'BAŞİSKELE', 'Başiskele'),
(546, 41, 'ÇAYIROVA', 'Çayırova'),
(547, 41, 'DARICA', 'Darıca'),
(548, 41, 'DİLOVASI', 'Dilovası'),
(549, 41, 'KARTEPE', 'Kartepe'),
(550, 41, 'GEBZE', 'Gebze'),
(551, 41, 'GÖLCÜK', 'Gölcük'),
(552, 41, 'KANDIRA', 'Kandıra'),
(553, 41, 'KARAMÜRSEL', 'Karamürsel'),
(554, 41, 'TÜTÜNÇİFTLİK', 'Tütünçiftlik'),
(555, 41, 'DERİNCE', 'Derince'),
(556, 42, 'KARATAY', 'Karatay'),
(557, 42, 'MERAM', 'Meram'),
(558, 42, 'SELÇUKLU', 'Selçuklu'),
(559, 42, 'AHIRLI', 'Ahırlı'),
(560, 42, 'AKÖREN', 'Akören'),
(561, 42, 'AKŞEHİR', 'Akşehir'),
(562, 42, 'ALTINEKİN', 'Altınekin'),
(563, 42, 'BEYŞEHİR', 'Beyşehir'),
(564, 42, 'BOZKIR', 'Bozkır'),
(565, 42, 'CİHANBEYLİ', 'Cihanbeyli'),
(566, 42, 'ÇELTİK', 'Çeltik'),
(567, 42, 'ÇUMRA', 'Çumra'),
(568, 42, 'DERBENT', 'Derbent'),
(569, 42, 'DEREBUCAK', 'Derebucak'),
(570, 42, 'DOĞANHİSAR', 'Doğanhisar'),
(571, 42, 'EMİRGAZİ', 'Emirgazi'),
(572, 42, 'EREĞLİ', 'Ereğli'),
(573, 42, 'GÜNEYSINIR', 'Güneysınır'),
(574, 42, 'HADİM', 'Hadim'),
(575, 42, 'HALKAPINAR', 'Halkapınar'),
(576, 42, 'HÜYÜK', 'Hüyük'),
(577, 42, 'ILGIN', 'Ilgın'),
(578, 42, 'KADINHANI', 'Kadınhanı'),
(579, 42, 'KARAPINAR', 'Karapınar'),
(580, 42, 'KULU', 'Kulu'),
(581, 42, 'SARAYÖNÜ', 'Sarayönü'),
(582, 42, 'SEYDİŞEHİR', 'Seydişehir'),
(583, 42, 'TAŞKENT', 'Taşkent'),
(584, 42, 'TUZLUKÇU', 'Tuzlukçu'),
(585, 42, 'YALIHÜYÜK', 'Yalıhüyük'),
(586, 42, 'YUNAK', 'Yunak'),
(587, 43, 'KÜTAHYA', 'Kütahya'),
(588, 43, 'ALTINTAŞ', 'Altıntaş'),
(589, 43, 'ASLANAPA', 'Aslanapa'),
(590, 43, 'ÇAVDARHİSAR', 'Çavdarhisar'),
(591, 43, 'DOMANİÇ', 'Domaniç'),
(592, 43, 'DUMLUPINAR', 'Dumlupınar'),
(593, 43, 'EMET', 'Emet'),
(594, 43, 'GEDİZ', 'Gediz'),
(595, 43, 'HİSARCIK', 'Hisarcık'),
(596, 43, 'PAZARLAR', 'Pazarlar'),
(597, 43, 'SİMAV', 'Simav'),
(598, 43, 'ŞAPHANE', 'Şaphane'),
(599, 43, 'TAVŞANLI', 'Tavşanlı'),
(600, 43, 'TUNÇBİLEK', 'Tunçbilek'),
(601, 44, 'MALATYA', 'Malatya'),
(602, 44, 'AKÇADAĞ', 'Akçadağ'),
(603, 44, 'ARAPKİR', 'Arapkir'),
(604, 44, 'ARGUVAN', 'Arguvan'),
(605, 44, 'BATTALGAZİ', 'Battalgazi'),
(606, 44, 'DARENDE', 'Darende'),
(607, 44, 'DOĞANŞEHİR', 'Doğanşehir'),
(608, 44, 'DOĞANYOL', 'Doğanyol'),
(609, 44, 'HEKİMHAN', 'Hekimhan'),
(610, 44, 'KALE', 'Kale'),
(611, 44, 'KULUNCAK', 'Kuluncak'),
(612, 44, 'PÖTÜRGE', 'Pötürge'),
(613, 44, 'YAZIHAN', 'Yazıhan'),
(614, 44, 'YEŞİLYURT', 'Yeşilyurt'),
(615, 45, 'MANİSA', 'Manisa'),
(616, 45, 'AHMETLİ', 'Ahmetli'),
(617, 45, 'AKHİSAR', 'Akhisar'),
(618, 45, 'ALAŞEHİR', 'Alaşehir'),
(619, 45, 'DEMİRCİ', 'Demirci'),
(620, 45, 'GÖLMARMARA', 'Gölmarmara'),
(621, 45, 'GÖRDES', 'Gördes'),
(622, 45, 'KIRKAĞAÇ', 'Kırkağaç'),
(623, 45, 'KÖPRÜBAŞI', 'Köprübaşı'),
(624, 45, 'KULA', 'Kula'),
(625, 45, 'SALİHLİ', 'Salihli'),
(626, 45, 'SARIGÖL', 'Sarıgöl'),
(627, 45, 'SARUHANLI', 'Saruhanlı'),
(628, 45, 'SELENDİ', 'Selendi'),
(629, 45, 'SOMA', 'Soma'),
(630, 45, 'TURGUTLU', 'Turgutlu'),
(631, 46, 'KAHRAMANMARAŞ', 'Kahramanmaraş'),
(632, 46, 'AFŞİN', 'Afşin'),
(633, 46, 'ANDIRIN', 'Andırın'),
(634, 46, 'ÇAĞLAYANCERİT', 'Çağlayancerit'),
(635, 46, 'EKİNÖZÜ', 'Ekinözü'),
(636, 46, 'ELBİSTAN', 'Elbistan'),
(637, 46, 'GÖKSUN', 'Göksun'),
(638, 46, 'NURHAK', 'Nurhak'),
(639, 46, 'PAZARCIK', 'Pazarcık'),
(640, 46, 'TÜRKOĞLU', 'Türkoğlu'),
(641, 47, 'MARDİN', 'Mardin'),
(642, 47, 'DARGEÇİT', 'Dargeçit'),
(643, 47, 'DERİK', 'Derik'),
(644, 47, 'KIZILTEPE', 'Kızıltepe'),
(645, 47, 'MAZIDAĞI', 'Mazıdağı'),
(646, 47, 'MİDYAT(ESTEL)', 'Midyat(Estel)'),
(647, 47, 'NUSAYBİN', 'Nusaybin'),
(648, 47, 'ÖMERLİ', 'Ömerli'),
(649, 47, 'SAVUR', 'Savur'),
(650, 47, 'YEŞİLLİ', 'Yeşilli'),
(651, 48, 'MUĞLA', 'Muğla'),
(652, 48, 'BODRUM', 'Bodrum'),
(653, 48, 'DALAMAN', 'Dalaman'),
(654, 48, 'DATÇA', 'Datça'),
(655, 48, 'FETHİYE', 'Fethiye'),
(656, 48, 'KAVAKLIDERE', 'Kavaklıdere'),
(657, 48, 'KÖYCEĞİZ', 'Köyceğiz'),
(658, 48, 'MARMARİS', 'Marmaris'),
(659, 48, 'MİLAS', 'Milas'),
(660, 48, 'ORTACA', 'Ortaca'),
(661, 48, 'ULA', 'Ula'),
(662, 48, 'YATAĞAN', 'Yatağan'),
(663, 49, 'MUŞ', 'Muş'),
(664, 49, 'BULANIK', 'Bulanık'),
(665, 49, 'HASKÖY', 'Hasköy'),
(666, 49, 'KORKUT', 'Korkut'),
(667, 49, 'MALAZGİRT', 'Malazgirt'),
(668, 49, 'VARTO', 'Varto'),
(669, 50, 'NEVŞEHİR', 'Nevşehir'),
(670, 50, 'ACIGÖL', 'Acıgöl'),
(671, 50, 'AVANOS', 'Avanos'),
(672, 50, 'DERİNKUYU', 'Derinkuyu'),
(673, 50, 'GÜLŞEHİR', 'Gülşehir'),
(674, 50, 'HACIBEKTAŞ', 'Hacıbektaş'),
(675, 50, 'KOZAKLI', 'Kozaklı'),
(676, 50, 'ÜRGÜP', 'Ürgüp'),
(677, 51, 'NİĞDE', 'Niğde'),
(678, 51, 'ALTUNHİSAR', 'Altunhisar'),
(679, 51, 'BOR', 'Bor'),
(680, 51, 'ÇAMARDI', 'Çamardı'),
(681, 51, 'ÇİFTLİK(ÖZYURT)', 'Çiftlik(Özyurt)'),
(682, 51, 'ULUKIŞLA', 'Ulukışla'),
(683, 52, 'ORDU', 'Ordu'),
(684, 52, 'AKKUŞ', 'Akkuş'),
(685, 52, 'AYBASTI', 'Aybastı'),
(686, 52, 'ÇAMAŞ', 'Çamaş'),
(687, 52, 'ÇATALPINAR', 'Çatalpınar'),
(688, 52, 'ÇAYBAŞI', 'Çaybaşı'),
(689, 52, 'FATSA', 'Fatsa'),
(690, 52, 'GÖLKÖY', 'Gölköy'),
(691, 52, 'GÜLYALI', 'Gülyalı'),
(692, 52, 'GÜRGENTEPE', 'Gürgentepe'),
(693, 52, 'İKİZCE', 'İkizce'),
(694, 52, 'KARADÜZ(KABADÜZ)', 'Karadüz(Kabadüz)'),
(695, 52, 'KABATAŞ', 'Kabataş'),
(696, 52, 'KORGAN', 'Korgan'),
(697, 52, 'KUMRU', 'Kumru'),
(698, 52, 'MESUDİYE', 'Mesudiye'),
(699, 52, 'PERŞEMBE', 'Perşembe'),
(700, 52, 'ULUBEY', 'Ulubey'),
(701, 52, 'ÜNYE', 'Ünye'),
(702, 53, 'RİZE', 'Rize'),
(703, 53, 'ARDEŞEN', 'Ardeşen'),
(704, 53, 'ÇAMLIHEMŞİN', 'Çamlıhemşin'),
(705, 53, 'ÇAYELİ', 'Çayeli'),
(706, 53, 'DEREPAZARI', 'Derepazarı'),
(707, 53, 'FINDIKLI', 'Fındıklı'),
(708, 53, 'GÜNEYSU', 'Güneysu'),
(709, 53, 'HEMŞİN', 'Hemşin'),
(710, 53, 'İKİZDERE', 'İkizdere'),
(711, 53, 'İYİDERE', 'İyidere'),
(712, 53, 'KALKANDERE', 'Kalkandere'),
(713, 53, 'PAZAR', 'Pazar'),
(714, 54, 'ADAPAZARI', 'Adapazarı'),
(715, 54, 'HENDEK', 'Hendek'),
(716, 54, 'ARİFİYE', 'Arifiye'),
(717, 54, 'ERENLER', 'Erenler'),
(718, 54, 'SERDİVAN', 'Serdivan'),
(719, 54, 'AKYAZI', 'Akyazı'),
(720, 54, 'FERİZLİ', 'Ferizli'),
(721, 54, 'GEYVE', 'Geyve'),
(722, 54, 'KARAPÜRÇEK', 'Karapürçek'),
(723, 54, 'KARASU', 'Karasu'),
(724, 54, 'KAYNARCA', 'Kaynarca'),
(725, 54, 'KOCAALİ', 'Kocaali'),
(726, 54, 'PAMUKOVA', 'Pamukova'),
(727, 54, 'SAPANCA', 'Sapanca'),
(728, 54, 'SÖĞÜTLÜ', 'Söğütlü'),
(729, 54, 'TARAKLI', 'Taraklı'),
(730, 55, 'ATAKUM', 'Atakum'),
(731, 55, 'İLKADIM', 'İlkadım'),
(732, 55, 'CANİK', 'Canik'),
(733, 55, 'TEKKEKÖY', 'Tekkeköy'),
(734, 55, 'ALAÇAM', 'Alaçam'),
(735, 55, 'ASARCIK', 'Asarcık'),
(736, 55, 'AYVACIK', 'Ayvacık'),
(737, 55, 'BAFRA', 'Bafra'),
(738, 55, 'ÇARŞAMBA', 'Çarşamba'),
(739, 55, 'HAVZA', 'Havza'),
(740, 55, 'KAVAK', 'Kavak'),
(741, 55, 'LADİK', 'Ladik'),
(742, 55, '19MAYIS(BALLICA)', '19Mayıs(Ballıca)'),
(743, 55, 'SALIPAZARI', 'Salıpazarı'),
(744, 55, 'TERME', 'Terme'),
(745, 55, 'VEZİRKÖPRÜ', 'Vezirköprü'),
(746, 55, 'YAKAKENT', 'Yakakent'),
(747, 56, 'SİİRT', 'Siirt'),
(748, 56, 'BAYKAN', 'Baykan'),
(749, 56, 'ERUH', 'Eruh'),
(750, 56, 'KURTALAN', 'Kurtalan'),
(751, 56, 'PERVARİ', 'Pervari'),
(752, 56, 'AYDINLAR', 'Aydınlar'),
(753, 56, 'ŞİRVAN', 'Şirvan'),
(754, 57, 'SİNOP', 'Sinop'),
(755, 57, 'AYANCIK', 'Ayancık'),
(756, 57, 'BOYABAT', 'Boyabat'),
(757, 57, 'DİKMEN', 'Dikmen'),
(758, 57, 'DURAĞAN', 'Durağan'),
(759, 57, 'ERFELEK', 'Erfelek'),
(760, 57, 'GERZE', 'Gerze'),
(761, 57, 'SARAYDÜZÜ', 'Saraydüzü'),
(762, 57, 'TÜRKELİ', 'Türkeli'),
(763, 58, 'SİVAS', 'Sivas'),
(764, 58, 'AKINCILAR', 'Akıncılar'),
(765, 58, 'ALTINYAYLA', 'Altınyayla'),
(766, 58, 'DİVRİĞİ', 'Divriği'),
(767, 58, 'DOĞANŞAR', 'Doğanşar'),
(768, 58, 'GEMEREK', 'Gemerek'),
(769, 58, 'GÖLOVA', 'Gölova'),
(770, 58, 'GÜRÜN', 'Gürün'),
(771, 58, 'HAFİK', 'Hafik'),
(772, 58, 'İMRANLI', 'İmranlı'),
(773, 58, 'KANGAL', 'Kangal'),
(774, 58, 'KOYULHİSAR', 'Koyulhisar'),
(775, 58, 'SUŞEHRİ', 'Suşehri'),
(776, 58, 'ŞARKIŞLA', 'Şarkışla'),
(777, 58, 'ULAŞ', 'Ulaş'),
(778, 58, 'YILDIZELİ', 'Yıldızeli'),
(779, 58, 'ZARA', 'Zara'),
(780, 59, 'TEKİRDAĞ', 'Tekirdağ'),
(781, 59, 'ÇERKEZKÖY', 'Çerkezköy'),
(782, 59, 'ÇORLU', 'Çorlu'),
(783, 59, 'HAYRABOLU', 'Hayrabolu'),
(784, 59, 'MALKARA', 'Malkara'),
(785, 59, 'MARMARAEREĞLİSİ', 'Marmaraereğlisi'),
(786, 59, 'MURATLI', 'Muratlı'),
(787, 59, 'SARAY', 'Saray'),
(788, 59, 'ŞARKÖY', 'Şarköy'),
(789, 60, 'TOKAT', 'Tokat'),
(790, 60, 'ALMUS', 'Almus'),
(791, 60, 'ARTOVA', 'Artova'),
(792, 60, 'BAŞÇİFTLİK', 'Başçiftlik'),
(793, 60, 'ERBAA', 'Erbaa'),
(794, 60, 'NİKSAR', 'Niksar'),
(795, 60, 'PAZAR', 'Pazar'),
(796, 60, 'REŞADİYE', 'Reşadiye'),
(797, 60, 'SULUSARAY', 'Sulusaray'),
(798, 60, 'TURHAL', 'Turhal'),
(799, 60, 'YEŞİLYURT', 'Yeşilyurt'),
(800, 60, 'ZİLE', 'Zile'),
(801, 61, 'TRABZON', 'Trabzon'),
(802, 61, 'AKÇAABAT', 'Akçaabat'),
(803, 61, 'ARAKLI', 'Araklı'),
(804, 61, 'ARSİN', 'Arsin'),
(805, 61, 'BEŞİKDÜZÜ', 'Beşikdüzü'),
(806, 61, 'ÇARŞIBAŞI', 'Çarşıbaşı'),
(807, 61, 'ÇAYKARA', 'Çaykara'),
(808, 61, 'DERNEKPAZARI', 'Dernekpazarı'),
(809, 61, 'DÜZKÖY', 'Düzköy'),
(810, 61, 'HAYRAT', 'Hayrat'),
(811, 61, 'KÖPRÜBAŞI', 'Köprübaşı'),
(812, 61, 'MAÇKA', 'Maçka'),
(813, 61, 'OF', 'Of'),
(814, 61, 'SÜRMENE', 'Sürmene'),
(815, 61, 'ŞALPAZARI', 'Şalpazarı'),
(816, 61, 'TONYA', 'Tonya'),
(817, 61, 'VAKFIKEBİR', 'Vakfıkebir'),
(818, 61, 'YOMRA', 'Yomra'),
(819, 62, 'TUNCELİ', 'Tunceli'),
(820, 62, 'ÇEMİŞGEZEK', 'Çemişgezek'),
(821, 62, 'HOZAT', 'Hozat'),
(822, 62, 'MAZGİRT', 'Mazgirt'),
(823, 62, 'NAZIMİYE', 'Nazımiye'),
(824, 62, 'OVACIK', 'Ovacık'),
(825, 62, 'PERTEK', 'Pertek'),
(826, 62, 'PÜLÜMÜR', 'Pülümür'),
(827, 63, 'ŞANLIURFA', 'Şanlıurfa'),
(828, 63, 'AKÇAKALE', 'Akçakale'),
(829, 63, 'BİRECİK', 'Birecik'),
(830, 63, 'BOZOVA', 'Bozova'),
(831, 63, 'CEYLANPINAR', 'Ceylanpınar'),
(832, 63, 'HALFETİ', 'Halfeti'),
(833, 63, 'HARRAN', 'Harran'),
(834, 63, 'HİLVAN', 'Hilvan'),
(835, 63, 'SİVEREK', 'Siverek'),
(836, 63, 'SURUÇ', 'Suruç'),
(837, 63, 'VİRANŞEHİR', 'Viranşehir'),
(838, 64, 'UŞAK', 'Uşak'),
(839, 64, 'BANAZ', 'Banaz'),
(840, 64, 'EŞME', 'Eşme'),
(841, 64, 'KARAHALLI', 'Karahallı'),
(842, 64, 'SİVASLI', 'Sivaslı'),
(843, 64, 'ULUBEY', 'Ulubey'),
(844, 65, 'VAN', 'Van'),
(845, 65, 'BAHÇESARAY', 'Bahçesaray'),
(846, 65, 'BAŞKALE', 'Başkale'),
(847, 65, 'ÇALDIRAN', 'Çaldıran'),
(848, 65, 'ÇATAK', 'Çatak'),
(849, 65, 'EDREMİT(GÜMÜŞDERE)', 'Edremit(Gümüşdere)'),
(850, 65, 'ERCİŞ', 'Erciş'),
(851, 65, 'GEVAŞ', 'Gevaş'),
(852, 65, 'GÜRPINAR', 'Gürpınar'),
(853, 65, 'MURADİYE', 'Muradiye'),
(854, 65, 'ÖZALP', 'Özalp'),
(855, 65, 'SARAY', 'Saray'),
(856, 66, 'YOZGAT', 'Yozgat'),
(857, 66, 'AKDAĞMADENİ', 'Akdağmadeni'),
(858, 66, 'AYDINCIK', 'Aydıncık'),
(859, 66, 'BOĞAZLIYAN', 'Boğazlıyan'),
(860, 66, 'ÇANDIR', 'Çandır'),
(861, 66, 'ÇAYIRALAN', 'Çayıralan'),
(862, 66, 'ÇEKEREK', 'Çekerek'),
(863, 66, 'KADIŞEHRİ', 'Kadışehri'),
(864, 66, 'SARAYKENT', 'Saraykent'),
(865, 66, 'SARIKAYA', 'Sarıkaya'),
(866, 66, 'SORGUN', 'Sorgun'),
(867, 66, 'ŞEFAATLİ', 'Şefaatli'),
(868, 66, 'YENİFAKILI', 'Yenifakılı'),
(869, 66, 'YERKÖY', 'Yerköy'),
(870, 67, 'ZONGULDAK', 'Zonguldak'),
(871, 67, 'ALAPLI', 'Alaplı'),
(872, 67, 'ÇAYCUMA', 'Çaycuma'),
(873, 67, 'DEVREK', 'Devrek'),
(874, 67, 'KARADENİZEREĞLİ', 'Karadenizereğli'),
(875, 67, 'GÖKÇEBEY', 'Gökçebey'),
(876, 68, 'AKSARAY', 'Aksaray'),
(877, 68, 'AĞAÇÖREN', 'Ağaçören'),
(878, 68, 'ESKİL', 'Eskil'),
(879, 68, 'GÜLAĞAÇ(AĞAÇLI)', 'Gülağaç(Ağaçlı)'),
(880, 68, 'GÜZELYURT', 'Güzelyurt'),
(881, 68, 'ORTAKÖY', 'Ortaköy'),
(882, 68, 'SARIYAHŞİ', 'Sarıyahşi'),
(883, 69, 'BAYBURT', 'Bayburt'),
(884, 69, 'AYDINTEPE', 'Aydıntepe'),
(885, 69, 'DEMİRÖZÜ', 'Demirözü'),
(886, 70, 'KARAMAN', 'Karaman'),
(887, 70, 'AYRANCI', 'Ayrancı'),
(888, 70, 'BAŞYAYLA', 'Başyayla'),
(889, 70, 'ERMENEK', 'Ermenek'),
(890, 70, 'KAZIMKARABEKİR', 'Kazımkarabekir'),
(891, 70, 'SARIVELİLER', 'Sarıveliler'),
(892, 71, 'KIRIKKALE', 'Kırıkkale'),
(893, 71, 'BAHŞİLİ', 'Bahşili'),
(894, 71, 'BALIŞEYH', 'Balışeyh'),
(895, 71, 'ÇELEBİ', 'Çelebi'),
(896, 71, 'DELİCE', 'Delice'),
(897, 71, 'KARAKEÇİLİ', 'Karakeçili'),
(898, 71, 'KESKİN', 'Keskin'),
(899, 71, 'SULAKYURT', 'Sulakyurt'),
(900, 71, 'YAHŞİHAN', 'Yahşihan'),
(901, 72, 'BATMAN', 'Batman'),
(902, 72, 'BEŞİRİ', 'Beşiri'),
(903, 72, 'GERCÜŞ', 'Gercüş'),
(904, 72, 'HASANKEYF', 'Hasankeyf'),
(905, 72, 'KOZLUK', 'Kozluk'),
(906, 72, 'SASON', 'Sason'),
(907, 73, 'ŞIRNAK', 'Şırnak'),
(908, 73, 'BEYTÜŞŞEBAP', 'Beytüşşebap'),
(909, 73, 'CİZRE', 'Cizre'),
(910, 73, 'GÜÇLÜKONAK', 'Güçlükonak'),
(911, 73, 'İDİL', 'İdil'),
(912, 73, 'SİLOPİ', 'Silopi'),
(913, 73, 'ULUDERE', 'Uludere'),
(914, 74, 'BARTIN', 'Bartın'),
(915, 74, 'AMASRA', 'Amasra'),
(916, 74, 'KURUCAŞİLE', 'Kurucaşile'),
(917, 74, 'ULUS', 'Ulus'),
(918, 75, 'ARDAHAN', 'Ardahan'),
(919, 75, 'ÇILDIR', 'Çıldır'),
(920, 75, 'DAMAL', 'Damal'),
(921, 75, 'GÖLE', 'Göle'),
(922, 75, 'HANAK', 'Hanak'),
(923, 75, 'POSOF', 'Posof'),
(924, 76, 'IĞDIR', 'Iğdır'),
(925, 76, 'ARALIK', 'Aralık'),
(926, 76, 'KARAKOYUNLU', 'Karakoyunlu'),
(927, 76, 'TUZLUCA', 'Tuzluca'),
(928, 77, 'YALOVA', 'Yalova'),
(929, 77, 'ALTINOVA', 'Altınova'),
(930, 77, 'ARMUTLU', 'Armutlu'),
(931, 77, 'ÇİFTLİKKÖY', 'Çiftlikköy'),
(932, 77, 'ÇINARCIK', 'Çınarcık'),
(933, 77, 'TERMAL', 'Termal'),
(934, 78, 'KARABÜK', 'Karabük'),
(935, 78, 'EFLANİ', 'Eflani'),
(936, 78, 'ESKİPAZAR', 'Eskipazar'),
(937, 78, 'OVACIK', 'Ovacık'),
(938, 78, 'SAFRANBOLU', 'Safranbolu'),
(939, 78, 'YENİCE', 'Yenice'),
(940, 79, 'KİLİS', 'Kilis'),
(941, 79, 'ELBEYLİ', 'Elbeyli'),
(942, 79, 'MUSABEYLİ', 'Musabeyli'),
(943, 79, 'POLATELİ', 'Polateli'),
(944, 80, 'OSMANİYE', 'Osmaniye'),
(945, 80, 'BAHÇE', 'Bahçe'),
(946, 80, 'DÜZİÇİ', 'Düziçi'),
(947, 80, 'HASANBEYLİ', 'Hasanbeyli'),
(948, 80, 'KADİRLİ', 'Kadirli'),
(949, 80, 'SUMBAS', 'Sumbas'),
(950, 80, 'TOPRAKKALE', 'Toprakkale'),
(951, 81, 'DÜZCE', 'Düzce'),
(952, 81, 'AKÇAKOCA', 'Akçakoca'),
(953, 81, 'CUMAYERİ', 'Cumayeri'),
(954, 81, 'ÇİLİMLİ', 'Çilimli'),
(955, 81, 'GÖLYAKA', 'Gölyaka'),
(956, 81, 'GÜMÜŞOVA', 'Gümüşova'),
(957, 81, 'KAYNAŞLI', 'Kaynaşlı'),
(958, 81, 'YIĞILCA', 'Yığılca');

-- --------------------------------------------------------

--
-- Table structure for table `users`
--

CREATE TABLE IF NOT EXISTS `users` (
  `id` int(11) NOT NULL AUTO_INCREMENT,
  `user_type` varchar(255) COLLATE utf8_turkish_ci DEFAULT 'normal',
  `level` tinyint(3) DEFAULT '1',
  `picture` varchar(255) COLLATE utf8_turkish_ci DEFAULT '',
  `password` varchar(255) COLLATE utf8_turkish_ci NOT NULL DEFAULT '',
  `old_password` varchar(255) COLLATE utf8_turkish_ci DEFAULT '',
  `name` varchar(255) COLLATE utf8_turkish_ci DEFAULT '',
  `lastname` varchar(255) COLLATE utf8_turkish_ci DEFAULT '',
  `name_lastname` varchar(255) COLLATE utf8_turkish_ci DEFAULT '',
  `nick_name` varchar(255) COLLATE utf8_turkish_ci DEFAULT '',
  `born_date` date DEFAULT '0000-00-00',
  `about` text COLLATE utf8_turkish_ci,
  `sex` tinyint(3) DEFAULT '0',
  `email` varchar(255) COLLATE utf8_turkish_ci DEFAULT '',
  `web_site` varchar(255) COLLATE utf8_turkish_ci DEFAULT '',
  `telephone` varchar(255) COLLATE utf8_turkish_ci DEFAULT '',
  `adress` varchar(255) COLLATE utf8_turkish_ci DEFAULT '',
  `location_city` varchar(255) COLLATE utf8_turkish_ci DEFAULT '',
  `entry_date` datetime DEFAULT '0000-00-00 00:00:00',
  `last_login_date` datetime DEFAULT '0000-00-00 00:00:00',
  `status_` tinyint(3) DEFAULT '1',
  `online` tinyint(3) DEFAULT '0',
  `browserAgent_info` varchar(255) COLLATE utf8_turkish_ci DEFAULT '',
  `last_ip_adres` varchar(255) COLLATE utf8_turkish_ci DEFAULT '',
  `activation_key` varchar(255) COLLATE utf8_turkish_ci DEFAULT '',
  `authenticate_code` varchar(255) COLLATE utf8_turkish_ci DEFAULT '',
  `verify_status` tinyint(3) DEFAULT '0',
  PRIMARY KEY (`id`)
) ENGINE=MyISAM  DEFAULT CHARSET=utf8 COLLATE=utf8_turkish_ci ROW_FORMAT=DYNAMIC AUTO_INCREMENT=2 ;

/*!40101 SET CHARACTER_SET_CLIENT=@OLD_CHARACTER_SET_CLIENT */;
/*!40101 SET CHARACTER_SET_RESULTS=@OLD_CHARACTER_SET_RESULTS */;
/*!40101 SET COLLATION_CONNECTION=@OLD_COLLATION_CONNECTION */;
